YellowCards,RedCards,Goals,Assists,MinutesPlayed,Games,PlayerId,Season,Position,Age,YellowDiff,RedDiff,GoalsDiff,AssistsDiff,MinutesPlayedDiff,GamesDiff,IsLastSeason
2,1,4,7,2301,35,3333,2012,Midfield,27,,,,,,,False
8,0,2,10,2024,41,3333,2013,Midfield,28,6,-1,-2,3,-277,6,False
6,0,8,8,2543,43,3333,2014,Midfield,29,-2,0,6,-2,519,2,False
11,0,7,14,3446,41,3333,2015,Midfield,30,5,0,-1,6,903,-2,False
5,0,7,3,3159,36,3333,2016,Midfield,31,-6,0,0,-11,-287,-5,False
3,0,1,11,2787,47,3333,2017,Midfield,32,-2,0,-6,8,-372,11,False
9,0,7,7,2777,44,3333,2018,Midfield,33,6,0,6,-4,-10,-3,False
7,0,2,3,1528,35,3333,2019,Midfield,34,-2,0,-5,-4,-1249,-9,False
6,0,0,1,1663,35,3333,2020,Midfield,35,-1,0,-2,-2,135,0,False
5,0,0,3,1256,36,3333,2021,Midfield,36,-1,0,0,2,-407,1,False
3,0,0,1,1247,42,3333,2022,Midfield,37,-2,0,0,-2,-9,6,False
3,0,0,2,955,20,3333,2023,Midfield,38,0,0,0,1,-292,-22,True
5,0,0,0,2869,32,71271,2012,Goalkeeper,28,,,,,,,False
2,0,0,0,1890,21,71271,2013,Goalkeeper,29,-3,0,0,0,-979,-11,False
3,1,0,0,3781,42,71271,2014,Goalkeeper,30,1,1,0,0,1891,21,False
1,1,0,0,3180,35,71271,2015,Goalkeeper,31,-2,0,0,0,-601,-7,False
1,0,0,0,1620,18,71271,2016,Goalkeeper,32,0,-1,0,0,-1560,-17,False
2,0,0,0,1710,19,71271,2017,Goalkeeper,33,1,0,0,0,90,1,False
0,0,0,0,180,2,71271,2018,Goalkeeper,34,-2,0,0,0,-1530,-17,False
1,0,0,0,1563,18,71271,2019,Goalkeeper,35,1,0,0,0,1383,16,False
0,0,0,0,360,4,71271,2020,Goalkeeper,36,-1,0,0,0,-1203,-14,False
0,0,0,0,90,1,71271,2022,Goalkeeper,37,0,0,0,0,-270,-3,True
0,0,0,0,90,1,45494,2013,Goalkeeper,29,,,,,,,False
0,0,0,0,395,5,45494,2014,Goalkeeper,30,0,0,0,0,305,4,False
1,0,0,0,3180,35,45494,2015,Goalkeeper,31,1,0,0,0,2785,30,False
1,0,0,0,2700,30,45494,2016,Goalkeeper,32,0,0,0,0,-480,-5,False
1,0,0,0,2520,28,45494,2017,Goalkeeper,33,0,0,0,0,-180,-2,False
0,0,0,0,1755,20,45494,2018,Goalkeeper,34,-1,0,0,0,-765,-8,False
0,0,0,0,360,4,45494,2019,Goalkeeper,35,0,0,0,0,-1395,-16,False
0,0,0,0,360,4,45494,2021,Goalkeeper,36,0,0,0,0,0,0,False
0,0,0,0,361,5,45494,2022,Goalkeeper,37,0,0,0,0,1,1,True
4,0,0,1,4500,50,52570,2012,Goalkeeper,25,,,,,,,False
1,0,0,0,4590,51,52570,2013,Goalkeeper,26,-3,0,0,-1,90,1,False
1,0,0,0,3254,37,52570,2014,Goalkeeper,27,0,0,0,0,-1336,-14,False
0,0,0,0,1620,18,52570,2015,Goalkeeper,28,-1,0,0,0,-1634,-19,False
3,0,0,0,3960,44,52570,2016,Goalkeeper,29,3,0,0,0,2340,26,False
0,0,0,0,1800,20,52570,2017,Goalkeeper,30,-3,0,0,0,-2160,-24,False
0,0,0,0,90,1,52570,2018,Goalkeeper,31,0,0,0,0,-1710,-19,False
2,0,0,0,3330,37,52570,2019,Goalkeeper,32,2,0,0,0,3240,36,False
0,0,0,0,1170,13,52570,2020,Goalkeeper,33,-2,0,0,0,-2160,-24,False
1,0,0,0,2010,22,52570,2021,Goalkeeper,34,1,0,0,0,840,9,False
1,0,0,0,1665,19,52570,2022,Goalkeeper,35,0,0,0,0,-345,-3,False
0,0,0,0,90,1,52570,2023,Goalkeeper,36,-1,0,0,0,-1575,-18,True
1,0,0,1,2757,31,33027,2012,Goalkeeper,28,,,,,,,False
0,0,0,0,3240,36,33027,2013,Goalkeeper,29,-1,0,0,-1,483,5,False
1,0,0,1,2700,30,33027,2014,Goalkeeper,30,1,0,0,1,-540,-6,False
0,0,0,0,720,8,33027,2015,Goalkeeper,31,-1,0,0,-1,-1980,-22,False
0,0,0,0,1650,18,33027,2016,Goalkeeper,32,0,0,0,0,930,10,False
0,0,0,0,315,4,33027,2017,Goalkeeper,33,0,0,0,0,-1335,-14,False
4,0,0,0,3480,38,33027,2019,Goalkeeper,34,4,0,0,0,3165,34,False
1,0,0,0,2790,31,33027,2021,Goalkeeper,35,-3,0,0,0,-690,-7,False
0,0,0,0,450,5,33027,2023,Goalkeeper,36,-1,0,0,0,-2340,-26,True
2,0,3,6,2239,30,43530,2012,Midfield,25,,,,,,,False
3,0,10,8,3288,41,43530,2013,Midfield,26,1,0,7,2,1049,11,False
4,0,6,3,2450,37,43530,2014,Midfield,27,1,0,-4,-5,-838,-4,False
3,0,7,7,3092,43,43530,2015,Midfield,28,-1,0,1,4,642,6,False
3,0,8,7,2363,32,43530,2016,Midfield,29,0,0,1,0,-729,-11,False
1,0,0,1,456,15,43530,2017,Midfield,30,-2,0,-8,-6,-1907,-17,False
2,0,0,0,568,16,43530,2018,Midfield,31,1,0,0,-1,112,1,False
1,0,1,1,690,20,43530,2019,Midfield,32,-1,0,1,1,122,4,False
0,0,1,1,1669,31,43530,2020,Midfield,33,-1,0,0,0,979,11,False
4,0,0,1,1668,26,43530,2021,Midfield,34,4,0,-1,0,-1,-5,False
0,0,3,1,773,17,43530,2022,Midfield,35,-4,0,3,0,-895,-9,False
2,0,0,1,629,21,43530,2023,Midfield,36,2,0,-3,0,-144,4,True
0,0,0,0,2070,23,74960,2013,Goalkeeper,26,,,,,,,False
0,0,0,0,3600,40,74960,2014,Goalkeeper,27,0,0,0,0,1530,17,False
0,0,0,0,1710,19,74960,2015,Goalkeeper,28,0,0,0,0,-1890,-21,False
0,0,0,0,1260,14,74960,2017,Goalkeeper,29,0,0,0,0,-450,-5,False
1,0,0,0,3420,38,74960,2018,Goalkeeper,30,1,0,0,0,2160,24,False
0,0,0,0,3510,39,74960,2019,Goalkeeper,31,-1,0,0,0,90,1,False
0,0,0,0,1290,14,74960,2020,Goalkeeper,32,0,0,0,0,-2220,-25,False
1,0,0,0,2610,29,74960,2021,Goalkeeper,33,1,0,0,0,1320,15,False
0,0,0,0,246,3,74960,2022,Goalkeeper,34,-1,0,0,0,-2364,-26,False
1,0,0,0,1354,16,74960,2023,Goalkeeper,35,1,0,0,0,1108,13,True
12,0,3,1,3960,44,156501,2016,Defender,28,,,,,,,False
8,1,4,2,3544,40,156501,2017,Defender,29,-4,1,1,1,-416,-4,False
12,0,2,1,3426,38,156501,2018,Defender,30,4,-1,-2,-1,-118,-2,False
10,0,2,0,3091,36,156501,2019,Defender,31,-2,0,0,-1,-335,-2,False
8,0,0,0,2615,38,156501,2020,Defender,32,-2,0,-2,0,-476,2,False
9,2,2,1,2150,35,156501,2021,Defender,33,1,2,2,1,-465,-3,False
4,0,0,1,1702,20,156501,2022,Defender,34,-5,-2,-2,0,-448,-15,False
1,0,0,1,253,4,156501,2023,Defender,35,-3,0,0,0,-1449,-16,True
1,0,0,0,930,10,111819,2012,Goalkeeper,24,,,,,,,False
5,0,0,0,4410,49,111819,2013,Goalkeeper,25,4,0,0,0,3480,39,False
5,0,0,0,3420,38,111819,2014,Goalkeeper,26,0,0,0,0,-990,-11,False
0,0,0,0,780,8,111819,2015,Goalkeeper,27,-5,0,0,0,-2640,-30,False
0,0,0,0,1215,14,111819,2016,Goalkeeper,28,0,0,0,0,435,6,False
2,0,0,0,2970,33,111819,2017,Goalkeeper,29,2,0,0,0,1755,19,False
2,0,0,0,3870,43,111819,2018,Goalkeeper,30,0,0,0,0,900,10,False
1,0,0,0,450,5,111819,2019,Goalkeeper,31,-1,0,0,0,-3420,-38,False
0,0,0,0,1110,12,111819,2020,Goalkeeper,32,-1,0,0,0,660,7,False
0,0,0,0,450,5,111819,2021,Goalkeeper,33,0,0,0,0,-660,-7,False
4,0,0,0,2385,27,111819,2022,Goalkeeper,34,4,0,0,0,1935,22,False
4,0,0,0,1890,21,111819,2023,Goalkeeper,35,0,0,0,0,-495,-6,True
5,0,4,6,3083,40,92469,2015,Midfield,28,,,,,,,False
6,0,3,6,2992,37,92469,2017,Midfield,29,1,0,-1,0,-91,-3,False
10,0,3,9,3212,39,92469,2018,Midfield,30,4,0,0,3,220,2,False
4,0,2,2,1619,22,92469,2019,Midfield,31,-6,0,-1,-7,-1593,-17,False
2,0,0,3,1425,19,92469,2020,Midfield,32,-2,0,-2,1,-194,-3,False
5,0,0,2,1502,20,92469,2021,Midfield,33,3,0,0,-1,77,1,False
0,0,0,0,125,8,92469,2022,Midfield,34,-5,0,0,-2,-1377,-12,False
1,0,0,0,218,11,92469,2023,Midfield,35,1,0,0,0,93,3,True
5,0,1,1,3105,35,74810,2016,Defender,28,,,,,,,False
5,0,0,0,2700,30,74810,2017,Defender,29,0,0,-1,-1,-405,-5,False
10,0,0,3,3810,42,74810,2018,Defender,30,5,0,0,3,1110,12,False
7,0,1,1,2880,32,74810,2019,Defender,31,-3,0,1,-2,-930,-10,False
3,0,2,0,2814,31,74810,2020,Defender,32,-4,0,1,-1,-66,-1,False
3,0,3,0,1930,22,74810,2021,Defender,33,0,0,1,0,-884,-9,False
2,0,3,2,3362,38,74810,2022,Defender,34,-1,0,0,2,1432,16,False
0,1,2,0,1232,15,74810,2023,Defender,35,-2,1,-1,-2,-2130,-23,True
3,0,1,1,2709,31,66934,2012,Midfield,24,,,,,,,False
3,1,0,1,3016,35,66934,2013,Midfield,25,0,1,-1,0,307,4,False
5,0,4,3,2752,32,66934,2014,Midfield,26,2,-1,4,2,-264,-3,False
6,2,5,4,3587,41,66934,2015,Midfield,27,1,2,1,1,835,9,False
3,0,3,0,2987,34,66934,2016,Midfield,28,-3,-2,-2,-4,-600,-7,False
5,0,2,3,2892,34,66934,2017,Midfield,29,2,0,-1,3,-95,0,False
3,0,0,3,2161,35,66934,2018,Midfield,30,-2,0,-2,0,-731,1,False
4,0,1,1,2626,36,66934,2019,Midfield,31,1,0,1,-2,465,1,False
4,0,1,0,3168,37,66934,2020,Midfield,32,0,0,0,-1,542,1,False
3,0,1,1,2293,31,66934,2021,Midfield,33,-1,0,0,1,-875,-6,False
3,0,1,0,878,21,66934,2022,Midfield,34,0,0,0,-1,-1415,-10,False
3,0,0,0,339,12,66934,2023,Midfield,35,0,0,-1,0,-539,-9,True
7,0,1,0,1671,21,55742,2015,Midfield,32,,,,,,,False
13,0,1,4,2960,35,55742,2016,Midfield,33,6,0,0,4,1289,14,False
5,0,1,0,1052,14,55742,2017,Midfield,34,-8,0,0,-4,-1908,-21,False
10,0,0,1,2009,25,55742,2018,Midfield,35,5,0,-1,1,957,11,True
1,0,4,0,735,10,52059,2012,Defender,23,,,,,,,False
1,0,0,0,562,13,52059,2013,Defender,24,0,0,-4,0,-173,3,False
8,2,2,1,3639,42,52059,2014,Defender,25,7,2,2,1,3077,29,False
5,1,4,0,3585,40,52059,2015,Defender,26,-3,-1,2,-1,-54,-2,False
10,0,2,1,3765,42,52059,2016,Defender,27,5,-1,-2,1,180,2,False
6,0,0,2,3630,40,52059,2017,Defender,28,-4,0,-2,1,-135,-2,False
6,0,3,1,2238,25,52059,2018,Defender,29,0,0,3,-1,-1392,-15,False
4,0,3,1,1939,27,52059,2019,Defender,30,-2,0,0,0,-299,2,False
5,0,1,0,1920,21,52059,2020,Defender,31,1,0,-2,-1,-19,-6,False
2,0,1,0,697,10,52059,2021,Defender,32,-3,0,0,0,-1223,-11,False
2,0,0,0,1099,18,52059,2022,Defender,33,0,0,-1,0,402,8,False
0,0,0,0,490,8,52059,2023,Defender,34,-2,0,0,0,-609,-10,True
0,0,0,0,90,1,73564,2018,Goalkeeper,30,,,,,,,False
0,0,0,0,120,1,73564,2020,Goalkeeper,31,0,0,0,0,30,0,False
0,0,0,0,360,4,73564,2021,Goalkeeper,32,0,0,0,0,240,3,False
1,0,0,1,1620,18,73564,2022,Goalkeeper,33,1,0,0,1,1260,14,False
1,0,0,0,1620,18,73564,2023,Goalkeeper,34,0,0,0,-1,0,0,True
2,0,1,2,1538,18,95810,2015,Defender,26,,,,,,,False
2,0,0,6,1286,20,95810,2016,Defender,27,0,0,-1,4,-252,2,False
1,0,0,8,2724,33,95810,2017,Defender,28,-1,0,0,2,1438,13,False
3,0,1,5,2994,36,95810,2018,Defender,29,2,0,1,-3,270,3,False
2,0,0,5,2731,33,95810,2019,Defender,30,-1,0,-1,0,-263,-3,False
0,0,0,6,3086,35,95810,2020,Defender,31,-2,0,0,1,355,2,False
2,0,2,2,1974,29,95810,2021,Defender,32,2,0,2,-4,-1112,-6,False
5,0,1,7,3369,39,95810,2022,Defender,33,3,0,-1,5,1395,10,False
5,0,1,11,2684,32,95810,2023,Defender,34,0,0,0,4,-685,-7,True
1,0,2,4,1973,38,67063,2012,Attack,23,,,,,,,False
2,0,10,5,2000,32,67063,2013,Attack,24,1,0,8,1,27,-6,False
4,0,8,6,2429,36,67063,2014,Attack,25,2,0,-2,1,429,4,False
1,0,5,2,758,15,67063,2015,Attack,26,-3,0,-3,-4,-1671,-21,False
0,0,4,4,934,20,67063,2016,Attack,27,-1,0,-1,2,176,5,False
2,0,9,2,2120,40,67063,2017,Attack,28,2,0,5,-2,1186,20,False
0,0,3,1,438,12,67063,2018,Attack,29,-2,0,-6,-1,-1682,-28,False
0,0,2,1,817,18,67063,2019,Attack,30,0,0,-1,0,379,6,False
0,0,6,3,1549,24,67063,2020,Attack,31,0,0,4,2,732,6,False
0,0,7,3,1642,28,67063,2021,Attack,32,0,0,1,0,93,4,False
0,0,6,4,2053,36,67063,2022,Attack,33,0,0,-1,1,411,8,False
3,0,3,3,1036,21,67063,2023,Attack,34,3,0,-3,-1,-1017,-15,True
0,0,0,0,39,1,142310,2014,Defender,25,,,,,,,False
9,1,2,1,3011,35,142310,2015,Defender,26,9,1,2,1,2972,34,False
1,0,0,0,913,11,142310,2016,Defender,27,-8,-1,-2,-1,-2098,-24,False
3,1,4,0,3649,41,142310,2018,Defender,28,2,1,4,0,2736,30,False
4,0,1,1,3150,35,142310,2019,Defender,29,1,-1,-3,1,-499,-6,False
2,0,1,1,1970,22,142310,2020,Defender,30,-2,0,0,0,-1180,-13,False
1,0,1,0,1141,13,142310,2021,Defender,31,-1,0,0,-1,-829,-9,False
2,0,0,1,687,11,142310,2022,Defender,32,1,0,-1,1,-454,-2,False
3,0,1,0,1089,16,142310,2023,Defender,33,1,0,1,-1,402,5,True
4,0,3,9,1901,36,60444,2012,Midfield,22,,,,,,,False
2,0,3,5,1744,25,60444,2013,Midfield,23,-2,0,0,-4,-157,-11,False
2,0,2,1,760,13,60444,2014,Midfield,24,0,0,-1,-4,-984,-12,False
3,0,4,8,2782,42,60444,2015,Midfield,25,1,0,2,7,2022,29,False
5,0,9,9,3527,41,60444,2016,Midfield,26,2,0,5,1,745,-1,False
6,0,7,4,2101,32,60444,2017,Midfield,27,1,0,-2,-5,-1426,-9,False
6,0,3,9,3427,42,60444,2018,Midfield,28,0,0,-4,5,1326,10,False
10,0,3,2,2976,40,60444,2019,Midfield,29,4,0,0,-7,-451,-2,False
5,0,1,0,2205,30,60444,2020,Midfield,30,-5,0,-2,-2,-771,-10,False
3,0,2,5,2456,40,60444,2021,Midfield,31,-2,0,1,5,251,10,False
3,0,0,1,1893,27,60444,2022,Midfield,32,0,0,-2,-4,-563,-13,False
0,0,0,0,5,1,60444,2023,Midfield,33,-3,0,0,-1,-1888,-26,True
1,0,0,2,181,3,61841,2012,Defender,25,,,,,,,False
5,0,2,0,2200,33,61841,2015,Defender,26,4,0,2,-2,2019,30,False
6,0,1,5,3099,36,61841,2016,Defender,27,1,0,-1,5,899,3,False
7,0,1,3,2158,28,61841,2017,Defender,28,1,0,0,-2,-941,-8,False
5,1,1,1,2073,25,61841,2018,Defender,29,-2,1,0,-2,-85,-3,False
7,0,0,1,2151,25,61841,2019,Defender,30,2,-1,-1,0,78,0,False
0,0,0,0,90,1,61841,2021,Defender,31,-7,0,0,-1,-2061,-24,False
12,0,0,1,3038,38,61841,2022,Defender,32,12,0,0,1,2948,37,False
1,0,0,3,1179,16,61841,2023,Defender,33,-11,0,0,2,-1859,-22,True
10,0,1,6,2923,33,82873,2015,Midfield,25,,,,,,,False
7,0,5,6,2970,35,82873,2016,Midfield,26,-3,0,4,0,47,2,False
2,0,7,8,3039,39,82873,2017,Midfield,27,-5,0,2,2,69,4,False
1,0,3,3,1884,26,82873,2018,Midfield,28,-1,0,-4,-5,-1155,-13,False
4,0,2,4,1893,30,82873,2019,Midfield,29,3,0,-1,1,9,4,False
3,0,3,8,2704,37,82873,2020,Midfield,30,-1,0,1,4,811,7,False
1,0,2,4,2388,33,82873,2021,Midfield,31,-2,0,-1,-4,-316,-4,False
6,0,10,10,3717,42,82873,2022,Midfield,32,5,0,8,6,1329,9,False
4,0,5,11,2633,30,82873,2023,Midfield,33,-2,0,-5,1,-1084,-12,True
5,1,2,3,3051,35,139208,2012,Defender,22,,,,,,,False
4,1,5,1,3883,46,139208,2013,Defender,23,-1,0,3,-2,832,11,False
9,1,10,6,4757,54,139208,2014,Defender,24,5,0,5,5,874,8,False
4,0,3,0,4050,45,139208,2015,Defender,25,-5,-1,-7,-6,-707,-9,False
5,0,4,0,2484,28,139208,2016,Defender,26,1,0,1,0,-1566,-17,False
2,0,1,0,2973,34,139208,2017,Defender,27,-3,0,-3,0,489,6,False
4,0,6,4,4465,50,139208,2018,Defender,28,2,0,5,4,1492,16,False
1,0,5,2,4590,50,139208,2019,Defender,29,-3,0,-1,-2,125,0,False
1,0,1,0,461,6,139208,2020,Defender,30,0,0,-4,-2,-4129,-44,False
4,0,3,5,4321,48,139208,2021,Defender,31,3,0,2,5,3860,42,False
4,0,3,1,3645,41,139208,2022,Defender,32,0,0,0,-4,-676,-7,False
2,1,2,2,2283,27,139208,2023,Defender,33,-2,1,-1,1,-1362,-14,True
3,0,2,2,1135,21,61842,2012,Attack,23,,,,,,,False
2,0,2,5,1765,32,61842,2013,Attack,24,-1,0,0,3,630,11,False
4,0,5,3,1588,29,61842,2014,Attack,25,2,0,3,-2,-177,-3,False
0,0,4,3,1322,19,61842,2015,Attack,26,-4,0,-1,0,-266,-10,False
4,0,3,7,2731,39,61842,2016,Attack,27,4,0,-1,4,1409,20,False
3,0,2,8,3175,37,61842,2017,Attack,28,-1,0,-1,1,444,-2,False
1,0,7,6,3366,42,61842,2018,Attack,29,-2,0,5,-2,191,5,False
0,0,1,1,1289,24,61842,2019,Attack,30,-1,0,-6,-5,-2077,-18,False
0,0,1,5,2264,35,61842,2020,Attack,31,0,0,0,4,975,11,False
3,0,5,3,1636,25,61842,2021,Attack,32,3,0,4,-2,-628,-10,False
0,0,1,2,837,17,61842,2023,Attack,33,-3,0,-4,-1,-799,-8,True
6,0,3,1,3458,39,82105,2012,Defender,22,,,,,,,False
5,0,4,2,3688,42,82105,2013,Defender,23,-1,0,1,1,230,3,False
4,0,3,0,1905,25,82105,2014,Defender,24,-1,0,-1,-2,-1783,-17,False
3,0,4,5,3690,41,82105,2015,Defender,25,-1,0,1,5,1785,16,False
3,0,1,0,2456,29,82105,2016,Defender,26,0,0,-3,-5,-1234,-12,False
3,0,1,0,2820,35,82105,2017,Defender,27,0,0,0,0,364,6,False
5,0,1,1,2255,30,82105,2018,Defender,28,2,0,0,1,-565,-5,False
0,0,2,0,1016,13,82105,2019,Defender,29,-5,0,1,-1,-1239,-17,False
2,0,1,2,866,12,82105,2020,Defender,30,2,0,-1,2,-150,-1,False
3,0,3,3,3539,40,82105,2021,Defender,31,1,0,2,1,2673,28,False
4,0,2,0,1515,20,82105,2022,Defender,32,1,0,-1,-3,-2024,-20,False
2,0,0,0,1060,14,82105,2023,Defender,33,-2,0,-2,0,-455,-6,True
3,0,2,0,2861,34,170321,2012,Defender,24,,,,,,,False
1,1,1,1,1139,18,170321,2013,Defender,25,-2,1,-1,1,-1722,-16,False
4,0,0,0,2199,26,170321,2014,Defender,26,3,-1,-1,-1,1060,8,False
3,0,1,0,1986,24,170321,2015,Defender,27,-1,0,1,0,-213,-2,False
2,0,0,0,1693,21,170321,2017,Defender,28,-1,0,-1,0,-293,-3,False
1,0,0,0,1987,26,170321,2018,Defender,29,-1,0,0,0,294,5,False
2,0,0,0,1229,16,170321,2019,Defender,30,1,0,0,0,-758,-10,False
2,0,1,0,1376,16,170321,2020,Defender,31,0,0,1,0,147,0,False
2,0,0,0,288,4,170321,2021,Defender,32,0,0,-1,0,-1088,-12,False
0,0,0,0,185,4,170321,2023,Defender,33,-2,0,0,0,-103,0,True
7,0,1,1,3510,39,148153,2017,Defender,27,,,,,,,False
8,0,3,1,3363,38,148153,2018,Defender,28,1,0,2,0,-147,-1,False
9,0,3,3,3231,36,148153,2019,Defender,29,1,0,0,2,-132,-2,False
5,2,5,0,3233,36,148153,2020,Defender,30,-4,2,2,-3,2,0,False
3,1,1,0,2814,32,148153,2021,Defender,31,-2,-1,-4,0,-419,-4,False
5,0,2,0,3618,40,148153,2022,Defender,32,2,-1,1,0,804,8,False
7,1,3,0,2294,27,148153,2023,Defender,33,2,1,1,0,-1324,-13,True
0,0,1,0,138,8,108725,2014,Attack,26,,,,,,,False
1,0,10,1,1635,24,108725,2017,Attack,27,1,0,9,1,1497,16,False
2,0,13,3,2890,45,108725,2018,Attack,28,1,0,3,2,1255,21,False
1,0,14,1,2585,34,108725,2019,Attack,29,-1,0,1,-2,-305,-11,False
0,0,12,3,2828,34,108725,2020,Attack,30,-1,0,-2,2,243,0,False
1,0,6,0,2946,38,108725,2021,Attack,31,1,0,-6,-3,118,4,False
0,0,3,0,861,26,108725,2022,Attack,32,-1,0,-3,0,-2085,-12,False
1,0,9,1,1253,24,108725,2023,Attack,33,1,0,6,1,392,-2,True
3,0,1,0,1787,25,135343,2015,Defender,25,,,,,,,False
2,0,0,1,373,7,135343,2016,Defender,26,-1,0,-1,1,-1414,-18,False
10,0,2,2,2401,27,135343,2017,Defender,27,8,0,2,1,2028,20,False
12,0,4,1,2223,27,135343,2018,Defender,28,2,0,2,-1,-178,0,False
5,0,2,0,2062,26,135343,2019,Defender,29,-7,0,-2,-1,-161,-1,False
4,1,1,0,1245,18,135343,2020,Defender,30,-1,1,-1,0,-817,-8,False
4,0,2,2,2431,28,135343,2021,Defender,31,0,-1,1,2,1186,10,False
7,0,1,3,3210,36,135343,2022,Defender,32,3,0,-1,1,779,8,False
6,0,4,1,2805,33,135343,2023,Defender,33,-1,0,3,-2,-405,-3,True
0,0,0,0,509,10,111195,2012,Defender,21,,,,,,,False
6,1,2,2,2779,34,111195,2013,Defender,22,6,1,2,2,2270,24,False
7,0,4,0,2990,34,111195,2014,Defender,23,1,-1,2,-2,211,0,False
6,0,2,8,3907,44,111195,2015,Defender,24,-1,0,-2,8,917,10,False
16,0,0,3,3849,44,111195,2016,Defender,25,10,0,-2,-5,-58,0,False
10,0,1,2,3048,36,111195,2017,Defender,26,-6,0,1,-1,-801,-8,False
4,0,1,0,788,14,111195,2018,Defender,27,-6,0,0,-2,-2260,-22,False
7,0,0,0,2543,30,111195,2019,Defender,28,3,0,-1,0,1755,16,False
3,0,1,1,2403,31,111195,2020,Defender,29,-4,0,1,1,-140,1,False
7,0,1,1,3092,37,111195,2021,Defender,30,4,0,0,0,689,6,False
6,0,1,1,2312,34,111195,2022,Defender,31,-1,0,0,0,-780,-3,False
3,0,0,1,1277,22,111195,2023,Defender,32,-3,0,-1,0,-1035,-12,True
0,0,0,0,2700,30,127202,2012,Goalkeeper,22,,,,,,,False
0,0,0,0,810,9,127202,2013,Goalkeeper,23,0,0,0,0,-1890,-21,False
0,0,0,1,2700,30,127202,2014,Goalkeeper,24,0,0,0,1,1890,21,False
0,0,0,0,3510,39,127202,2015,Goalkeeper,25,0,0,0,-1,810,9,False
0,0,0,0,2340,26,127202,2017,Goalkeeper,26,0,0,0,0,-1170,-13,False
2,0,0,0,3330,37,127202,2018,Goalkeeper,27,2,0,0,0,990,11,False
0,0,0,0,2925,33,127202,2019,Goalkeeper,28,-2,0,0,0,-405,-4,False
0,0,0,0,540,6,127202,2020,Goalkeeper,29,0,0,0,0,-2385,-27,False
1,0,0,0,3330,37,127202,2021,Goalkeeper,30,1,0,0,0,2790,31,False
2,0,0,0,3420,38,127202,2022,Goalkeeper,31,1,0,0,0,90,1,False
2,0,0,0,1890,21,127202,2023,Goalkeeper,32,0,0,0,0,-1530,-17,True
0,0,5,0,771,13,123682,2015,Attack,24,,,,,,,False
1,0,6,1,1412,21,123682,2016,Attack,25,1,0,1,1,641,8,False
0,0,8,2,2010,29,123682,2017,Attack,26,-1,0,2,1,598,8,False
3,0,14,10,2535,30,123682,2018,Attack,27,3,0,6,8,525,1,False
9,0,9,3,2936,37,123682,2019,Attack,28,6,0,-5,-7,401,7,False
2,0,12,5,2085,26,123682,2020,Attack,29,-7,0,3,2,-851,-11,False
4,0,8,0,1543,20,123682,2021,Attack,30,2,0,-4,-5,-542,-6,False
4,0,18,5,1887,31,123682,2022,Attack,31,0,0,10,5,344,11,False
3,0,8,1,1211,22,123682,2023,Attack,32,-1,0,-10,-4,-676,-9,True
0,0,0,0,270,3,192080,2016,Goalkeeper,25,,,,,,,False
3,0,0,0,3204,36,192080,2017,Goalkeeper,26,3,0,0,0,2934,33,False
0,0,0,0,194,3,192080,2018,Goalkeeper,27,-3,0,0,0,-3010,-33,False
1,0,0,0,3420,38,192080,2019,Goalkeeper,28,1,0,0,0,3226,35,False
1,0,0,0,2880,32,192080,2020,Goalkeeper,29,0,0,0,0,-540,-6,False
1,0,0,0,3600,40,192080,2021,Goalkeeper,30,0,0,0,0,720,8,False
3,1,0,0,3262,37,192080,2022,Goalkeeper,31,2,1,0,0,-338,-3,False
2,0,0,0,1796,20,192080,2023,Goalkeeper,32,-1,-1,0,0,-1466,-17,True
0,0,0,0,907,12,134270,2013,Defender,26,,,,,,,False
0,0,0,0,300,3,134270,2018,Defender,27,0,0,0,0,-607,-9,False
5,0,0,0,2881,34,134270,2019,Defender,28,5,0,0,0,2581,31,False
5,0,1,0,2239,29,134270,2020,Defender,29,0,0,1,0,-642,-5,False
9,0,2,1,2828,33,134270,2021,Defender,30,4,0,1,1,589,4,False
5,0,1,0,3116,38,134270,2022,Defender,31,-4,0,-1,-1,288,5,False
3,0,4,1,2103,27,134270,2023,Defender,32,-2,0,3,1,-1013,-11,True
3,0,7,2,1398,21,148455,2013,Attack,22,,,,,,,False
1,0,9,5,1971,32,148455,2014,Attack,23,-2,0,2,3,573,11,False
3,0,15,7,3402,42,148455,2015,Attack,24,2,0,6,2,1431,10,False
2,0,19,15,3186,41,148455,2016,Attack,25,-1,0,4,8,-216,-1,False
1,0,44,16,4119,52,148455,2017,Attack,26,-1,0,25,1,933,11,False
2,0,27,12,4339,51,148455,2018,Attack,27,1,0,-17,-4,220,-1,False
2,0,23,13,4061,48,148455,2019,Attack,28,0,0,-4,1,-278,-3,False
0,0,31,6,4117,50,148455,2020,Attack,29,-2,0,8,-7,56,2,False
1,0,32,16,3984,51,148455,2021,Attack,30,1,0,1,10,-133,1,False
2,0,29,16,4211,50,148455,2022,Attack,31,1,0,-3,0,227,-1,False
2,0,18,9,2046,27,148455,2023,Attack,32,0,0,-11,-7,-2165,-23,True
4,0,12,2,2786,34,91845,2012,Attack,21,,,,,,,False
3,0,12,7,3226,43,91845,2013,Attack,22,-1,0,0,5,440,9,False
4,1,17,4,3182,42,91845,2014,Attack,23,1,1,5,-3,-44,-1,False
0,0,8,5,1980,41,91845,2015,Attack,24,-4,-1,-9,1,-1202,-1,False
2,0,21,9,2976,47,91845,2016,Attack,25,2,0,13,4,996,6,False
2,0,18,9,3207,51,91845,2017,Attack,26,0,0,-3,0,231,4,False
5,1,17,10,3018,44,91845,2018,Attack,27,3,1,-1,1,-189,-7,False
0,2,18,12,3152,40,91845,2019,Attack,28,-5,1,1,2,134,-4,False
0,0,21,17,3773,48,91845,2020,Attack,29,0,-2,3,5,621,8,False
2,0,23,9,3228,38,91845,2021,Attack,30,2,0,2,-8,-545,-10,False
3,0,14,6,3788,47,91845,2022,Attack,31,1,0,-9,-3,560,9,False
1,0,12,6,1746,22,91845,2023,Attack,32,-2,0,-2,0,-2042,-25,True
1,0,0,2,205,8,125685,2023,Midfield,32,,,,,,,True
0,0,0,0,1350,15,105470,2016,Goalkeeper,25,,,,,,,False
1,0,0,1,4410,49,105470,2017,Goalkeeper,26,1,0,0,1,3060,34,False
1,0,0,0,4590,51,105470,2018,Goalkeeper,27,0,0,0,-1,180,2,False
0,1,0,1,3295,37,105470,2019,Goalkeeper,28,-1,1,0,1,-1295,-14,False
1,0,1,0,3780,42,105470,2020,Goalkeeper,29,1,-1,1,-1,485,5,False
0,0,0,1,4800,53,105470,2021,Goalkeeper,30,-1,0,-1,1,1020,11,False
1,0,0,1,4230,47,105470,2022,Goalkeeper,31,1,0,0,0,-570,-6,False
1,0,0,0,2160,24,105470,2023,Goalkeeper,32,0,0,0,-1,-2070,-23,True
0,0,0,1,45,1,140191,2013,Defender,27,,,,,,,False
6,0,1,0,1131,16,140191,2018,Defender,28,6,0,1,-1,1086,15,False
7,0,0,3,2280,28,140191,2019,Defender,29,1,0,-1,3,1149,12,False
2,0,1,2,724,16,140191,2020,Defender,30,-5,0,1,-1,-1556,-12,False
1,0,0,0,754,15,140191,2021,Defender,31,-1,0,-1,-2,30,-1,False
1,0,0,0,531,12,140191,2022,Defender,32,0,0,0,0,-223,-3,True
0,0,0,0,90,1,77757,2012,Goalkeeper,23,,,,,,,False
1,0,0,0,1170,13,77757,2013,Goalkeeper,24,1,0,0,0,1080,12,False
0,0,0,0,270,3,77757,2014,Goalkeeper,25,-1,0,0,0,-900,-10,False
0,0,0,0,780,8,77757,2015,Goalkeeper,26,0,0,0,0,510,5,False
4,0,0,0,1980,22,77757,2016,Goalkeeper,27,4,0,0,0,1200,14,False
4,0,0,0,2700,30,77757,2017,Goalkeeper,28,0,0,0,0,720,8,False
3,0,0,0,2430,27,77757,2018,Goalkeeper,29,-1,0,0,0,-270,-3,False
1,0,0,0,3820,43,77757,2019,Goalkeeper,30,-2,0,0,0,1390,16,False
0,0,0,0,90,1,77757,2020,Goalkeeper,31,-1,0,0,0,-3730,-42,False
3,0,0,0,2070,23,77757,2023,Goalkeeper,32,3,0,0,0,1980,22,True
2,0,2,0,1107,17,146310,2018,Midfield,26,,,,,,,False
0,0,0,0,239,4,146310,2019,Midfield,27,-2,0,-2,0,-868,-13,False
5,0,3,4,3227,36,146310,2020,Midfield,28,5,0,3,4,2988,32,False
4,0,4,2,2992,34,146310,2021,Midfield,29,-1,0,1,-2,-235,-2,False
4,0,6,5,3343,38,146310,2022,Midfield,30,0,0,2,3,351,4,False
8,0,3,1,1466,26,146310,2023,Midfield,31,4,0,-3,-4,-1877,-12,True
5,0,1,2,3139,38,192765,2012,Defender,20,,,,,,,False
4,0,2,1,3448,41,192765,2013,Defender,21,-1,0,1,-1,309,3,False
7,0,0,1,1881,25,192765,2014,Defender,22,3,0,-2,0,-1567,-16,False
6,0,0,4,2111,27,192765,2015,Defender,23,-1,0,0,3,230,2,False
1,0,2,3,2513,32,192765,2016,Defender,24,-5,0,2,-1,402,5,False
4,0,2,6,2942,37,192765,2017,Defender,25,3,0,0,3,429,5,False
2,0,0,1,2496,37,192765,2018,Defender,26,-2,0,-2,-5,-446,0,False
7,0,0,1,1702,21,192765,2019,Defender,27,5,0,0,0,-794,-16,False
2,0,0,4,2791,36,192765,2020,Defender,28,-5,0,0,3,1089,15,False
7,0,1,1,3014,34,192765,2021,Defender,29,5,0,1,-3,223,-2,False
5,0,2,2,2859,40,192765,2022,Defender,30,-2,0,1,1,-155,6,False
1,0,1,0,1088,17,192765,2023,Defender,31,-4,0,-1,-2,-1771,-23,True
1,0,1,1,2877,34,442248,2021,Defender,29,,,,,,,False
0,0,3,0,2700,30,442248,2022,Defender,30,-1,0,2,-1,-177,-4,False
0,0,1,0,2250,25,442248,2023,Defender,31,0,0,-2,0,-450,-5,True
0,0,0,0,90,1,125714,2018,Goalkeeper,26,,,,,,,False
0,0,0,0,990,11,125714,2019,Goalkeeper,27,0,0,0,0,900,10,False
0,0,0,0,270,3,125714,2020,Goalkeeper,28,0,0,0,0,-720,-8,False
0,0,0,0,3390,37,125714,2021,Goalkeeper,29,0,0,0,0,3120,34,False
0,0,0,0,3990,44,125714,2022,Goalkeeper,30,0,0,0,0,600,7,False
2,0,0,1,2025,23,125714,2023,Goalkeeper,31,2,0,0,1,-1965,-21,True
0,0,0,0,38,1,85864,2012,Goalkeeper,23,,,,,,,False
0,0,0,0,2070,23,85864,2013,Goalkeeper,24,0,0,0,0,2032,22,False
1,1,0,0,3212,36,85864,2014,Goalkeeper,25,1,1,0,0,1142,13,False
1,0,0,0,3240,36,85864,2015,Goalkeeper,26,0,-1,0,0,28,0,False
0,0,0,0,1170,13,85864,2016,Goalkeeper,27,-1,0,0,0,-2070,-23,False
1,0,0,0,2970,33,85864,2017,Goalkeeper,28,1,0,0,0,1800,20,False
2,0,0,0,3150,35,85864,2018,Goalkeeper,29,1,0,0,0,180,2,False
1,0,0,0,2700,30,85864,2019,Goalkeeper,30,-1,0,0,0,-450,-5,False
0,0,0,0,381,5,85864,2020,Goalkeeper,31,-1,0,0,0,-2319,-25,True
4,0,4,4,1833,27,204294,2018,Midfield,27,,,,,,,False
1,0,1,0,230,5,204294,2019,Midfield,28,-3,0,-3,-4,-1603,-22,False
2,0,1,2,752,21,204294,2021,Midfield,29,1,0,0,2,522,16,False
0,0,0,0,214,16,204294,2022,Midfield,30,-2,0,-1,-2,-538,-5,False
5,0,1,0,720,15,204294,2023,Midfield,31,5,0,1,0,506,-1,True
4,0,0,1,468,11,184129,2023,Midfield,31,,,,,,,True
1,1,2,0,1194,19,183318,2015,Defender,24,,,,,,,False
4,0,3,0,3048,35,183318,2017,Defender,25,3,-1,1,0,1854,16,False
4,0,0,1,2846,34,183318,2018,Defender,26,0,0,-3,1,-202,-1,False
6,0,1,0,2526,29,183318,2019,Defender,27,2,0,1,-1,-320,-5,False
5,0,2,0,1673,20,183318,2020,Defender,28,-1,0,1,0,-853,-9,False
5,0,2,0,2216,28,183318,2021,Defender,29,0,0,0,0,543,8,False
2,0,0,0,304,8,183318,2022,Defender,30,-3,0,-2,0,-1912,-20,False
4,0,1,0,1678,22,183318,2023,Defender,31,2,0,1,0,1374,14,True
2,0,0,0,217,8,131978,2012,Midfield,20,,,,,,,False
5,0,7,3,2522,37,131978,2013,Midfield,21,3,0,7,3,2305,29,False
2,0,2,3,2482,36,131978,2014,Midfield,22,-3,0,-5,0,-40,-1,False
5,0,10,10,3422,42,131978,2015,Midfield,23,3,0,8,7,940,6,False
5,0,5,9,2982,37,131978,2016,Midfield,24,0,0,-5,-1,-440,-5,False
0,0,0,0,148,3,131978,2017,Midfield,25,-5,0,-5,-9,-2834,-34,False
4,0,6,6,2329,43,131978,2018,Midfield,26,4,0,6,6,2181,40,False
1,0,4,5,1611,30,131978,2019,Midfield,27,-3,0,-2,-1,-718,-13,False
0,0,3,1,1577,26,131978,2020,Midfield,28,-1,0,-1,-4,-34,-4,False
0,0,1,0,296,11,131978,2021,Midfield,29,0,0,-2,-1,-1281,-15,False
1,0,4,2,921,27,131978,2022,Midfield,30,1,0,3,2,625,16,False
3,0,3,3,1713,22,131978,2023,Midfield,31,2,0,-1,1,792,-5,True
1,0,0,0,92,6,324882,2014,Midfield,22,,,,,,,False
8,0,1,3,2870,33,324882,2015,Midfield,23,7,0,1,3,2778,27,False
4,0,2,1,3231,36,324882,2016,Midfield,24,-4,0,1,-2,361,3,False
6,0,0,1,2274,30,324882,2017,Midfield,25,2,0,-2,0,-957,-6,False
6,0,0,0,1390,20,324882,2018,Midfield,26,0,0,0,-1,-884,-10,False
6,0,0,0,1915,30,324882,2019,Midfield,27,0,0,0,0,525,10,False
3,0,0,0,751,13,324882,2020,Midfield,28,-3,0,0,0,-1164,-17,False
5,0,0,0,904,16,324882,2021,Midfield,29,2,0,0,0,153,3,False
5,0,0,0,1154,14,324882,2023,Midfield,30,0,0,0,0,250,-2,True
0,0,0,0,763,10,272999,2018,Attack,25,,,,,,,False
5,0,8,2,3474,42,272999,2019,Attack,26,5,0,8,2,2711,32,False
3,0,4,1,2519,35,272999,2020,Attack,27,-2,0,-4,-1,-955,-7,False
2,0,1,1,1922,34,272999,2021,Attack,28,-1,0,-3,0,-597,-1,False
2,0,11,2,2538,35,272999,2022,Attack,29,0,0,10,1,616,1,False
2,0,5,2,2314,34,272999,2023,Attack,30,0,0,-6,0,-224,-1,True
3,0,1,1,608,13,148367,2013,Midfield,22,,,,,,,False
5,0,4,2,1660,25,148367,2014,Midfield,23,2,0,3,1,1052,12,False
5,0,0,1,1320,24,148367,2015,Midfield,24,0,0,-4,-1,-340,-1,False
9,0,4,1,3182,36,148367,2016,Midfield,25,4,0,4,0,1862,12,False
4,0,2,1,2838,32,148367,2017,Midfield,26,-5,0,-2,0,-344,-4,False
0,0,0,0,413,7,148367,2018,Midfield,27,-4,0,-2,-1,-2425,-25,False
8,0,3,4,3194,37,148367,2021,Midfield,28,8,0,3,4,2781,30,False
6,0,1,4,1770,22,148367,2022,Midfield,29,-2,0,-2,0,-1424,-15,False
8,0,2,1,1889,23,148367,2023,Midfield,30,2,0,1,-3,119,1,True
7,0,5,6,3685,41,234803,2013,Defender,21,,,,,,,False
7,0,0,2,1526,24,234803,2014,Defender,22,0,0,-5,-4,-2159,-17,False
5,0,1,3,2916,35,234803,2016,Defender,23,-2,0,1,1,1390,11,False
3,0,1,5,2573,29,234803,2017,Defender,24,-2,0,0,2,-343,-6,False
7,0,0,13,4227,48,234803,2018,Defender,25,4,0,-1,8,1654,19,False
4,0,3,12,4243,49,234803,2019,Defender,26,-3,0,3,-1,16,1,False
3,0,1,7,4319,50,234803,2020,Defender,27,-1,0,-2,-5,76,1,False
6,1,3,15,3769,44,234803,2021,Defender,28,3,1,2,8,-550,-6,False
4,0,0,11,3239,42,234803,2022,Defender,29,-2,-1,-3,-4,-530,-2,False
1,0,1,0,898,12,234803,2023,Defender,30,-3,0,1,-11,-2341,-30,True
0,0,0,0,1047,21,244338,2023,Midfield,30,,,,,,,True
0,0,0,0,292,4,124419,2015,Goalkeeper,22,,,,,,,False
1,0,0,0,2340,26,124419,2016,Goalkeeper,23,1,0,0,0,2048,22,False
4,0,0,0,2790,31,124419,2017,Goalkeeper,24,3,0,0,0,450,5,False
2,1,0,0,3806,42,124419,2018,Goalkeeper,25,-2,1,0,0,1016,11,False
3,0,0,0,3780,42,124419,2019,Goalkeeper,26,1,-1,0,0,-26,0,False
0,0,0,0,2160,24,124419,2020,Goalkeeper,27,-3,0,0,0,-1620,-18,False
3,0,0,0,4277,48,124419,2021,Goalkeeper,28,3,0,0,0,2117,24,False
2,0,0,0,4588,51,124419,2022,Goalkeeper,29,-1,0,0,0,311,3,False
1,0,0,0,840,9,124419,2023,Goalkeeper,30,-1,0,0,0,-3748,-42,True
0,0,0,0,1879,23,278166,2023,Defender,30,,,,,,,True
1,0,0,0,630,7,425306,2022,Goalkeeper,29,,,,,,,False
1,0,0,0,1830,20,425306,2023,Goalkeeper,30,0,0,0,0,1200,13,True
3,0,1,3,2091,39,209212,2017,Attack,24,,,,,,,False
1,0,3,6,2543,37,209212,2018,Attack,25,-2,0,2,3,452,-2,False
2,0,0,1,1146,19,209212,2019,Attack,26,1,0,-3,-5,-1397,-18,False
0,0,3,1,1793,23,209212,2020,Attack,27,-2,0,3,0,647,4,False
1,0,0,2,2056,35,209212,2021,Attack,28,1,0,-3,1,263,12,False
2,0,8,8,3118,37,209212,2022,Attack,29,1,0,8,6,1062,2,False
1,0,3,1,771,10,209212,2023,Attack,30,-1,0,-5,-7,-2347,-27,True
0,0,0,0,147,4,184528,2015,Defender,22,,,,,,,False
1,2,1,1,1951,29,184528,2016,Defender,23,1,2,1,1,1804,25,False
1,0,0,0,946,12,184528,2017,Defender,24,0,-2,-1,-1,-1005,-17,False
2,0,1,1,2972,35,184528,2018,Defender,25,1,0,1,1,2026,23,False
0,0,0,1,1199,19,184528,2019,Defender,26,-2,0,-1,0,-1773,-16,False
4,0,1,0,1359,17,184528,2020,Defender,27,4,0,1,-1,160,-2,False
5,0,0,1,1768,22,184528,2021,Defender,28,1,0,-1,1,409,5,False
0,0,0,0,1,1,184528,2022,Defender,29,-5,0,0,-1,-1767,-21,False
0,0,0,0,223,9,184528,2023,Defender,30,0,0,0,0,222,8,True
1,0,1,0,431,7,169801,2013,Attack,29,,,,,,,False
0,0,2,0,276,14,169801,2023,Attack,30,-1,0,1,0,-155,7,True
4,0,1,1,1217,15,207742,2023,Defender,30,,,,,,,True
4,0,3,1,2760,32,212847,2019,Defender,25,,,,,,,False
4,0,1,0,2805,31,212847,2020,Defender,26,0,0,-2,-1,45,-1,False
5,0,2,0,1552,24,212847,2021,Defender,27,1,0,1,0,-1253,-7,False
2,0,0,1,2251,31,212847,2022,Defender,28,-3,0,-2,1,699,7,False
3,0,0,0,759,11,212847,2023,Defender,29,1,0,0,-1,-1492,-20,True
1,0,3,0,451,16,188077,2013,Midfield,19,,,,,,,False
4,0,4,3,2599,41,188077,2014,Midfield,20,3,0,1,3,2148,25,False
3,0,4,6,1463,21,188077,2015,Midfield,21,-1,0,0,3,-1136,-20,False
0,0,8,3,1024,21,188077,2016,Midfield,22,-3,0,4,-3,-439,0,False
9,0,8,14,3114,37,188077,2017,Midfield,23,9,0,0,11,2090,16,False
1,0,9,7,2271,36,188077,2018,Midfield,24,-8,0,1,-7,-843,-1,False
7,1,20,15,3096,42,188077,2019,Midfield,25,6,1,11,8,825,6,False
4,0,6,14,2980,40,188077,2020,Midfield,26,-3,-1,-14,-1,-116,-2,False
0,0,0,0,242,3,188077,2021,Midfield,27,-4,0,-6,-14,-2738,-37,False
2,0,2,1,1910,33,188077,2022,Midfield,28,2,0,2,1,1668,30,False
3,0,1,2,2098,28,188077,2023,Midfield,29,1,0,-1,1,188,-5,True
0,0,0,0,11,1,199527,2013,Attack,21,,,,,,,False
0,0,1,0,90,1,199527,2015,Attack,22,0,0,1,0,79,0,False
0,0,1,1,1248,27,199527,2017,Attack,23,0,0,0,1,1158,26,False
0,0,0,2,568,12,199527,2018,Attack,24,0,0,-1,1,-680,-15,False
0,0,0,0,233,3,199527,2019,Attack,25,0,0,0,-2,-335,-9,False
3,0,2,3,1673,27,199527,2020,Attack,26,3,0,2,3,1440,24,False
4,0,1,2,1625,37,199527,2021,Attack,27,1,0,-1,-1,-48,10,False
0,0,4,2,1303,37,199527,2022,Attack,28,-4,0,3,0,-322,0,False
0,0,1,5,551,12,199527,2023,Attack,29,0,0,-3,3,-752,-25,True
2,0,0,0,2205,25,222209,2016,Goalkeeper,22,,,,,,,False
3,0,0,0,4800,53,222209,2017,Goalkeeper,23,1,0,0,0,2595,28,False
4,0,0,0,3990,44,222209,2018,Goalkeeper,24,1,0,0,0,-810,-9,False
2,0,0,0,3960,44,222209,2019,Goalkeeper,25,-2,0,0,0,-30,0,False
2,0,0,0,990,11,222209,2020,Goalkeeper,26,0,0,0,0,-2970,-33,False
2,0,0,0,2880,32,222209,2021,Goalkeeper,27,0,0,0,0,1890,21,False
0,0,0,0,90,1,222209,2022,Goalkeeper,28,-2,0,0,0,-2790,-31,False
0,0,0,0,345,4,222209,2023,Goalkeeper,29,0,0,0,0,255,3,True
0,0,1,0,152,10,148368,2012,Attack,18,,,,,,,False
1,0,5,0,1278,30,148368,2013,Attack,19,1,0,4,0,1126,20,False
0,0,9,4,2766,41,148368,2014,Attack,20,-1,0,4,4,1488,11,False
1,0,7,3,1322,29,148368,2015,Attack,21,1,0,-2,-1,-1444,-12,False
0,0,8,4,1730,37,148368,2016,Attack,22,-1,0,1,1,408,8,False
3,0,6,2,2201,35,148368,2017,Attack,23,3,0,-2,-2,471,-2,False
0,0,7,1,674,21,148368,2018,Attack,24,-3,0,1,-1,-1527,-14,False
1,0,4,4,1339,41,148368,2019,Attack,25,1,0,-3,3,665,20,False
0,0,0,1,418,15,148368,2020,Attack,26,-1,0,-4,-3,-921,-26,False
0,0,4,3,396,15,148368,2021,Attack,27,0,0,4,2,-22,0,False
2,0,2,1,1187,36,148368,2022,Attack,28,2,0,-2,-2,791,21,False
1,0,1,0,275,11,148368,2023,Attack,29,-1,0,-1,-1,-912,-25,True
0,0,0,0,20,2,167799,2012,Midfield,18,,,,,,,False
1,0,0,1,387,9,167799,2013,Midfield,19,1,0,0,1,367,7,False
6,0,2,3,1555,29,167799,2014,Midfield,20,5,0,2,2,1168,20,False
7,0,0,2,1691,31,167799,2015,Midfield,21,1,0,-2,-1,136,2,False
3,0,0,1,1891,30,167799,2016,Midfield,22,-4,0,0,-1,200,-1,False
6,0,1,0,2072,28,167799,2017,Midfield,23,3,0,1,-1,181,-2,False
9,1,4,4,2764,31,167799,2018,Midfield,24,3,1,3,4,692,3,False
5,0,0,1,2930,35,167799,2019,Midfield,25,-4,-1,-4,-3,166,4,False
12,0,2,5,4039,49,167799,2020,Midfield,26,7,0,2,4,1109,14,False
3,0,2,3,3481,40,167799,2021,Midfield,27,-9,0,0,-2,-558,-9,False
8,0,5,7,3848,43,167799,2022,Midfield,28,5,0,3,4,367,3,False
3,0,0,0,1157,26,167799,2023,Midfield,29,-5,0,-5,-7,-2691,-17,True
0,0,0,0,90,1,198516,2021,Defender,27,,,,,,,False
2,0,0,1,1025,20,198516,2022,Defender,28,2,0,0,1,935,19,False
2,0,1,3,1211,19,198516,2023,Defender,29,0,0,1,2,186,-1,True
1,0,0,0,360,8,250478,2014,Defender,20,,,,,,,False
2,0,0,2,1428,18,250478,2015,Defender,21,1,0,0,2,1068,10,False
0,0,0,0,554,7,250478,2016,Defender,22,-2,0,0,-2,-874,-11,False
0,0,0,0,167,2,250478,2017,Defender,23,0,0,0,0,-387,-5,False
2,0,2,3,1287,18,250478,2018,Defender,24,2,0,2,3,1120,16,False
4,0,1,2,2295,28,250478,2019,Defender,25,2,0,-1,-1,1008,10,False
7,0,0,2,3405,38,250478,2020,Defender,26,3,0,-1,0,1110,10,False
3,0,1,1,3098,36,250478,2021,Defender,27,-4,0,1,-1,-307,-2,False
1,0,0,0,603,17,250478,2022,Defender,28,-2,0,-1,-1,-2495,-19,False
1,0,0,0,194,7,250478,2023,Defender,29,0,0,0,0,-409,-10,True
10,0,8,2,2234,33,246963,2015,Attack,27,,,,,,,False
0,0,0,0,145,3,246963,2019,Attack,28,-10,0,-8,-2,-2089,-30,False
2,0,6,7,1800,27,246963,2023,Attack,29,2,0,6,7,1655,24,True
0,0,1,0,104,5,319859,2015,Midfield,22,,,,,,,False
2,0,1,2,804,14,319859,2016,Midfield,23,2,0,0,2,700,9,False
3,0,8,6,2401,27,319859,2017,Midfield,24,1,0,7,4,1597,13,False
0,0,0,0,350,8,319859,2018,Midfield,25,-3,0,-8,-6,-2051,-19,False
0,0,0,1,1719,33,319859,2021,Midfield,26,0,0,0,1,1369,25,False
5,0,5,6,2921,38,319859,2022,Midfield,27,5,0,5,5,1202,5,False
3,0,4,4,1511,22,319859,2023,Midfield,28,-2,0,-1,-2,-1410,-16,True
3,0,4,5,1671,34,170527,2013,Attack,18,,,,,,,False
1,0,3,1,1640,33,170527,2014,Attack,19,-2,0,-1,-4,-31,-1,False
0,0,7,5,2455,36,170527,2015,Attack,20,-1,0,4,4,815,3,False
4,0,21,7,2465,32,170527,2016,Attack,21,4,0,14,2,10,-4,False
1,0,21,10,3398,45,170527,2017,Attack,22,-3,0,0,3,933,13,False
1,0,19,10,3103,37,170527,2018,Attack,23,0,0,-2,0,-295,-8,False
5,0,34,13,3589,45,170527,2019,Attack,24,4,0,15,3,486,8,False
3,0,11,15,3741,51,170527,2020,Attack,25,-2,0,-23,2,152,6,False
1,0,10,6,1970,33,170527,2021,Attack,26,-2,0,-1,-9,-1771,-18,False
3,0,16,6,2820,40,170527,2022,Attack,27,2,0,6,0,850,7,False
0,0,2,3,794,19,170527,2023,Attack,28,-3,0,-14,-3,-2026,-21,True
8,0,0,1,3105,35,291200,2017,Defender,22,,,,,,,False
3,1,1,2,2792,34,291200,2018,Defender,23,-5,1,1,1,-313,-1,False
7,0,1,2,3060,34,291200,2019,Defender,24,4,-1,0,0,268,0,False
10,0,3,1,3077,34,291200,2020,Defender,25,3,0,2,-1,17,0,False
2,0,4,0,2815,33,291200,2021,Defender,26,-8,0,1,-1,-262,-1,False
1,0,0,0,1166,14,291200,2022,Defender,27,-1,0,-4,0,-1649,-19,False
4,0,0,0,1278,17,291200,2023,Defender,28,3,0,0,0,112,3,True
0,0,0,0,10,2,251664,2015,Attack,24,,,,,,,False
0,0,2,0,191,4,251664,2017,Attack,25,0,0,2,0,181,2,False
8,0,14,6,3113,37,251664,2021,Attack,26,8,0,12,6,2922,33,False
9,0,20,4,2955,33,251664,2022,Attack,27,1,0,6,-2,-158,-4,False
1,0,3,0,360,4,251664,2023,Attack,28,-8,0,-17,-4,-2595,-29,True
1,0,0,2,81,4,348795,2016,Midfield,21,,,,,,,False
3,0,4,7,1918,40,348795,2017,Midfield,22,2,0,4,5,1837,36,False
9,0,14,6,2960,39,348795,2018,Midfield,23,6,0,10,-1,1042,-1,False
8,0,2,3,2153,37,348795,2019,Midfield,24,-1,0,-12,-3,-807,-2,False
5,0,5,1,1458,27,348795,2020,Midfield,25,-3,0,3,-2,-695,-10,False
5,0,1,2,2066,34,348795,2021,Midfield,26,0,0,-4,1,608,7,False
3,0,2,3,1216,24,348795,2022,Midfield,27,-2,0,1,1,-850,-10,False
1,0,2,2,514,12,348795,2023,Midfield,28,-2,0,0,-1,-702,-12,True
2,0,0,2,691,9,338070,2015,Defender,20,,,,,,,False
2,0,1,2,509,8,338070,2016,Defender,21,0,0,1,0,-182,-1,False
5,0,6,4,3182,37,338070,2017,Defender,22,3,0,5,2,2673,29,False
6,0,0,3,2415,28,338070,2018,Defender,23,1,0,-6,-1,-767,-9,False
9,0,0,7,3467,39,338070,2019,Defender,24,3,0,0,4,1052,11,False
1,0,0,0,137,6,338070,2020,Defender,25,-8,0,0,-7,-3330,-33,False
3,0,0,5,1567,24,338070,2021,Defender,26,2,0,0,5,1430,18,False
4,0,0,6,1199,27,338070,2022,Defender,27,1,0,0,1,-368,3,False
0,0,0,3,1221,18,338070,2023,Defender,28,-4,0,0,-3,22,-9,True
3,0,0,0,1038,20,320411,2017,Midfield,23,,,,,,,False
7,0,2,0,2191,27,320411,2018,Midfield,24,4,0,2,0,1153,7,False
9,0,3,1,2623,35,320411,2019,Midfield,25,2,0,1,1,432,8,False
0,0,0,0,90,1,320411,2021,Midfield,26,-9,0,-3,-1,-2533,-34,False
5,0,7,1,2877,37,320411,2022,Midfield,27,5,0,7,1,2787,36,False
4,1,2,4,1442,23,320411,2023,Midfield,28,-1,1,-5,3,-1435,-14,True
0,0,0,0,1,1,333241,2015,Midfield,22,,,,,,,False
6,0,11,9,2647,35,333241,2018,Midfield,23,6,0,11,9,2646,34,False
7,0,4,4,3119,44,333241,2019,Midfield,24,1,0,-7,-5,472,9,False
3,0,4,2,2069,32,333241,2020,Midfield,25,-4,0,0,-2,-1050,-12,False
8,0,5,2,2939,40,333241,2021,Midfield,26,5,0,1,0,870,8,False
12,0,6,2,2753,33,333241,2022,Midfield,27,4,0,1,0,-186,-7,False
8,0,3,4,1700,23,333241,2023,Midfield,28,-4,0,-3,2,-1053,-10,True
1,0,3,1,445,14,217115,2012,Attack,21,,,,,,,False
1,0,2,1,682,16,217115,2013,Attack,22,0,0,-1,0,237,2,False
4,0,1,2,643,18,217115,2015,Attack,23,3,0,-1,1,-39,2,False
3,0,10,3,2861,38,217115,2019,Attack,24,-1,0,9,1,2218,20,False
1,1,8,2,2669,35,217115,2020,Attack,25,-2,1,-2,-1,-192,-3,False
7,0,9,3,2565,35,217115,2021,Attack,26,6,-1,1,1,-104,0,False
4,0,1,0,1184,28,217115,2022,Attack,27,-3,0,-8,-3,-1381,-7,False
5,0,7,4,1347,23,217115,2023,Attack,28,1,0,6,4,163,-5,True
4,1,1,0,764,24,410425,2016,Midfield,21,,,,,,,False
3,0,2,1,1555,24,410425,2017,Midfield,22,-1,-1,1,1,791,0,False
7,0,1,1,2205,33,410425,2018,Midfield,23,4,0,-1,0,650,9,False
4,0,1,0,1325,23,410425,2019,Midfield,24,-3,0,0,-1,-880,-10,False
9,1,2,0,3335,39,410425,2020,Midfield,25,5,1,1,0,2010,16,False
11,0,2,2,2296,28,410425,2021,Midfield,26,2,-1,0,2,-1039,-11,False
6,0,0,0,1183,27,410425,2022,Midfield,27,-5,0,-2,-2,-1113,-1,False
7,1,0,0,1243,16,410425,2023,Midfield,28,1,1,0,0,60,-11,True
0,0,0,0,35,1,264220,2013,Defender,23,,,,,,,False
0,0,0,0,415,5,264220,2014,Defender,24,0,0,0,0,380,4,False
1,0,0,0,354,5,264220,2015,Defender,25,1,0,0,0,-61,0,False
0,0,0,0,178,2,264220,2016,Defender,26,-1,0,0,0,-176,-3,False
0,0,1,0,300,3,264220,2017,Defender,27,0,0,1,0,122,1,False
2,0,0,1,966,13,264220,2023,Defender,28,2,0,-1,1,666,10,True
0,0,0,0,25,2,388165,2016,Attack,24,,,,,,,False
2,0,10,5,2685,38,388165,2020,Attack,25,2,0,10,5,2660,36,False
0,0,7,1,1360,32,388165,2021,Attack,26,-2,0,-3,-4,-1325,-6,False
4,0,7,3,1690,39,388165,2022,Attack,27,4,0,0,2,330,7,False
3,0,4,2,1670,21,388165,2023,Attack,28,-1,0,-3,-1,-20,-18,True
0,0,0,1,630,7,286047,2020,Goalkeeper,25,,,,,,,False
1,0,0,0,3510,39,286047,2021,Goalkeeper,26,1,0,0,-1,2880,32,False
3,0,0,0,2904,32,286047,2022,Goalkeeper,27,2,0,0,0,-606,-7,False
2,0,0,0,2340,26,286047,2023,Goalkeeper,28,-1,0,0,0,-564,-6,True
0,0,0,0,57,4,236490,2016,Defender,21,,,,,,,False
1,0,1,0,180,2,236490,2017,Defender,22,1,0,1,0,123,-2,False
6,1,1,3,2265,32,236490,2018,Defender,23,5,1,0,3,2085,30,False
9,0,0,3,2348,37,236490,2019,Defender,24,3,-1,-1,0,83,5,False
3,0,2,1,2790,32,236490,2020,Defender,25,-6,0,2,-2,442,-5,False
4,0,0,0,1644,23,236490,2021,Defender,26,1,0,-2,-1,-1146,-9,False
5,0,1,1,988,21,236490,2022,Defender,27,1,0,1,1,-656,-2,False
3,0,1,1,995,14,236490,2023,Defender,28,-2,0,0,0,7,-7,True
3,0,2,7,970,14,294057,2016,Midfield,22,,,,,,,False
5,0,7,7,2894,37,294057,2018,Midfield,23,2,0,5,0,1924,23,False
4,0,6,3,2725,33,294057,2019,Midfield,24,-1,0,-1,-4,-169,-4,False
4,0,11,10,2612,41,294057,2020,Midfield,25,0,0,5,7,-113,8,False
5,0,14,11,3026,44,294057,2021,Midfield,26,1,0,3,1,414,3,False
11,0,10,9,2549,31,294057,2022,Midfield,27,6,0,-4,-2,-477,-13,False
3,0,3,7,1178,16,294057,2023,Midfield,28,-8,0,-7,-2,-1371,-15,True
1,0,2,3,641,10,340950,2014,Attack,20,,,,,,,False
6,1,12,9,2862,33,340950,2015,Attack,21,5,1,10,6,2221,23,False
4,0,9,7,1873,36,340950,2016,Attack,22,-2,-1,-3,-2,-989,3,False
11,0,10,7,2597,36,340950,2018,Attack,23,7,0,1,0,724,0,False
7,0,16,6,3060,48,340950,2019,Attack,24,-4,0,6,-1,463,12,False
2,0,13,1,1655,28,340950,2020,Attack,25,-5,0,-3,-5,-1405,-20,False
6,0,18,8,3308,51,340950,2021,Attack,26,4,0,5,7,1653,23,False
2,0,7,8,1395,28,340950,2022,Attack,27,-4,0,-11,0,-1913,-23,False
3,0,14,3,1531,27,340950,2023,Attack,28,1,0,7,-5,136,-1,True
4,0,0,3,1481,18,282429,2018,Defender,23,,,,,,,False
9,0,3,5,3055,38,282429,2019,Defender,24,5,0,3,2,1574,20,False
5,0,0,4,2538,33,282429,2020,Defender,25,-4,0,-3,-1,-517,-5,False
4,0,2,3,2027,27,282429,2021,Defender,26,-1,0,2,-1,-511,-6,False
3,0,0,0,317,12,282429,2022,Defender,27,-1,0,-2,-3,-1710,-15,False
4,0,0,1,840,15,282429,2023,Defender,28,1,0,0,1,523,3,True
10,0,1,3,1643,28,402733,2021,Defender,25,,,,,,,False
13,1,1,3,2368,43,402733,2022,Defender,26,3,1,0,0,725,15,False
5,0,0,3,864,15,402733,2023,Defender,27,-8,-1,-1,0,-1504,-28,True
4,0,12,5,2577,44,480692,2019,Attack,23,,,,,,,False
2,0,10,6,2188,41,480692,2020,Attack,24,-2,0,-2,1,-389,-3,False
3,0,22,10,3671,50,480692,2021,Attack,25,1,0,12,4,1483,9,False
2,0,5,3,1357,21,480692,2022,Attack,26,-1,0,-17,-7,-2314,-29,False
2,0,9,4,2052,32,480692,2023,Attack,27,0,0,4,1,695,11,True
1,0,0,1,447,7,249089,2016,Midfield,21,,,,,,,False
5,0,0,2,2239,29,249089,2017,Midfield,22,4,0,0,1,1792,22,False
2,0,0,0,722,13,249089,2018,Midfield,23,-3,0,0,-2,-1517,-16,False
5,0,0,0,1435,28,249089,2019,Midfield,24,3,0,0,0,713,15,False
1,0,0,0,180,2,249089,2021,Midfield,25,-4,0,0,0,-1255,-26,False
4,0,0,2,1805,29,249089,2022,Midfield,26,3,0,0,2,1625,27,False
4,1,0,1,1740,22,249089,2023,Midfield,27,0,1,0,-1,-65,-7,True
0,0,3,2,1735,27,392591,2023,Attack,27,,,,,,,True
4,0,5,5,2938,40,378710,2017,Attack,21,,,,,,,False
5,1,14,2,2779,37,378710,2018,Attack,22,1,1,9,-3,-159,-3,False
8,0,13,3,3170,37,378710,2019,Attack,23,3,-1,-1,1,391,0,False
5,1,10,3,3158,37,378710,2020,Attack,24,-3,1,-3,0,-12,0,False
8,0,11,5,2782,34,378710,2021,Attack,25,3,-1,1,2,-376,-3,False
3,0,3,4,1436,34,378710,2022,Attack,26,-5,0,-8,-1,-1346,0,False
3,0,11,3,1525,24,378710,2023,Attack,27,0,0,8,-1,89,-10,True
3,0,3,1,2034,25,469781,2019,Defender,23,,,,,,,False
8,0,3,3,3492,39,469781,2020,Defender,24,5,0,0,2,1458,14,False
4,0,2,3,3278,40,469781,2021,Defender,25,-4,0,-1,0,-214,1,False
7,0,2,0,2540,32,469781,2022,Defender,26,3,0,0,-3,-738,-8,False
7,0,3,2,1837,24,469781,2023,Defender,27,0,0,1,2,-703,-8,True
1,0,3,1,353,18,251106,2013,Attack,17,,,,,,,False
2,0,1,0,298,21,251106,2014,Attack,18,1,0,-2,-1,-55,3,False
1,0,1,0,378,12,251106,2015,Attack,19,-1,0,0,0,80,-9,False
2,0,19,4,2806,33,251106,2016,Attack,20,1,0,18,4,2428,21,False
1,0,6,4,2250,38,251106,2017,Attack,21,-1,0,-13,0,-556,5,False
6,0,5,3,1915,29,251106,2018,Attack,22,5,0,-1,-1,-335,-9,False
4,0,8,2,2503,37,251106,2019,Attack,23,-2,0,3,-1,588,8,False
4,0,5,2,1343,29,251106,2020,Attack,24,0,0,-3,0,-1160,-8,False
8,0,16,1,2813,37,251106,2021,Attack,25,4,0,11,-1,1470,8,False
6,0,15,5,3223,38,251106,2022,Attack,26,-2,0,-1,4,410,1,False
0,0,0,2,218,6,251106,2023,Attack,27,-6,0,-15,-3,-3005,-32,True
2,0,6,4,1347,24,504849,2021,Attack,25,,,,,,,False
1,0,9,8,2757,38,504849,2022,Attack,26,-1,0,3,4,1410,14,False
6,0,3,6,1991,25,504849,2023,Attack,27,5,0,-6,-2,-766,-13,True
3,0,0,1,618,7,256178,2015,Defender,19,,,,,,,False
1,0,0,0,270,3,256178,2016,Defender,20,-2,0,0,-1,-348,-4,False
5,0,0,2,2374,30,256178,2017,Defender,21,4,0,0,2,2104,27,False
3,0,0,0,1585,25,256178,2018,Defender,22,-2,0,0,-2,-789,-5,False
10,0,0,0,3110,41,256178,2019,Defender,23,7,0,0,0,1525,16,False
0,0,0,1,950,11,256178,2020,Defender,24,-10,0,0,1,-2160,-30,False
3,0,0,1,935,19,256178,2021,Defender,25,3,0,0,0,-15,8,False
5,0,0,1,1945,29,256178,2022,Defender,26,2,0,0,0,1010,10,False
3,0,0,3,2045,32,256178,2023,Defender,27,-2,0,0,2,100,3,True
0,0,0,0,18,1,303657,2015,Goalkeeper,21,,,,,,,False
0,0,0,0,2970,33,303657,2018,Goalkeeper,22,0,0,0,0,2952,32,False
1,0,0,1,1740,19,303657,2019,Goalkeeper,23,1,0,0,1,-1230,-14,False
0,0,0,0,135,2,303657,2020,Goalkeeper,24,-1,0,0,-1,-1605,-17,False
0,0,0,0,210,2,303657,2021,Goalkeeper,25,0,0,0,0,75,0,False
0,0,0,0,2430,27,303657,2022,Goalkeeper,26,0,0,0,0,2220,25,False
0,0,0,0,450,5,303657,2023,Goalkeeper,27,0,0,0,0,-1980,-22,True
5,0,0,0,947,27,354362,2017,Midfield,21,,,,,,,False
10,0,2,3,2724,40,354362,2018,Midfield,22,5,0,2,3,1777,13,False
13,0,1,8,3095,43,354362,2019,Midfield,23,3,0,-1,5,371,3,False
11,0,0,4,3186,45,354362,2020,Midfield,24,-2,0,-1,-4,91,2,False
8,0,0,7,3009,45,354362,2021,Midfield,25,-3,0,0,3,-177,0,False
10,0,6,2,2083,25,354362,2022,Midfield,26,2,0,6,-5,-926,-20,False
2,0,1,0,564,11,354362,2023,Midfield,27,-8,0,-5,-2,-1519,-14,True
2,0,3,0,2928,36,339556,2021,Defender,25,,,,,,,False
4,0,0,2,3256,38,339556,2022,Defender,26,2,0,-3,2,328,2,False
1,0,0,1,402,5,339556,2023,Defender,27,-3,0,0,-1,-2854,-33,True
2,0,2,0,1000,19,295313,2016,Attack,20,,,,,,,False
3,1,7,5,2184,27,295313,2017,Attack,21,1,1,5,5,1184,8,False
2,0,8,2,1553,29,295313,2018,Attack,22,-1,-1,1,-3,-631,2,False
1,0,1,0,476,12,295313,2019,Attack,23,-1,0,-7,-2,-1077,-17,False
0,0,5,4,1456,22,295313,2020,Attack,24,-1,0,4,4,980,10,False
1,0,19,5,2734,40,295313,2021,Attack,25,1,0,14,1,1278,18,False
2,0,10,1,1411,27,295313,2022,Attack,26,1,0,-9,-4,-1323,-13,False
1,0,5,2,933,15,295313,2023,Attack,27,-1,0,-5,1,-478,-12,True
0,0,0,0,17,1,258889,2014,Attack,20,,,,,,,False
0,0,7,1,1901,26,258889,2015,Attack,21,0,0,7,1,1884,25,False
2,0,1,1,637,26,258889,2017,Attack,22,2,0,-6,0,-1264,0,False
0,0,0,1,341,10,258889,2018,Attack,23,-2,0,-1,0,-296,-16,False
1,0,4,1,1823,34,258889,2019,Attack,24,1,0,4,0,1482,24,False
0,0,0,0,90,1,258889,2021,Attack,25,-1,0,-4,-1,-1733,-33,False
2,0,7,7,2963,34,258889,2022,Attack,26,2,0,7,7,2873,33,False
4,0,15,3,2271,27,258889,2023,Attack,27,2,0,8,-4,-692,-7,True
1,0,3,0,1434,17,346707,2016,Midfield,21,,,,,,,False
3,0,2,1,977,12,346707,2018,Midfield,22,2,0,-1,1,-457,-5,False
2,1,2,2,1940,29,346707,2019,Midfield,23,-1,1,0,1,963,17,False
2,0,0,1,1528,23,346707,2020,Midfield,24,0,-1,-2,-1,-412,-6,False
2,0,1,1,1856,29,346707,2021,Midfield,25,0,0,1,0,328,6,False
2,0,1,4,2576,34,346707,2022,Midfield,26,0,0,0,3,720,5,False
5,0,6,2,2249,30,346707,2023,Midfield,27,3,0,5,-2,-327,-4,True
1,0,0,1,850,13,480987,2018,Defender,23,,,,,,,False
1,0,1,0,1001,13,480987,2019,Defender,24,0,0,1,-1,151,0,False
0,0,0,0,180,2,480987,2021,Defender,25,-1,0,-1,0,-821,-11,False
7,0,0,0,2198,26,480987,2022,Defender,26,7,0,0,0,2018,24,False
1,0,0,0,490,9,480987,2023,Defender,27,-6,0,0,0,-1708,-17,True
1,0,0,0,565,7,520624,2019,Midfield,23,,,,,,,False
6,0,3,1,1759,33,520624,2020,Midfield,24,5,0,3,1,1194,26,False
6,0,5,7,3113,46,520624,2021,Midfield,25,0,0,2,6,1354,13,False
7,0,5,5,2764,33,520624,2022,Midfield,26,1,0,0,-2,-349,-13,False
14,0,3,6,2916,34,520624,2023,Midfield,27,7,0,-2,1,152,1,True
0,0,1,0,360,4,425902,2021,Midfield,25,,,,,,,False
5,0,1,2,1864,27,425902,2022,Midfield,26,5,0,0,2,1504,23,False
6,0,0,2,1476,25,425902,2023,Midfield,27,1,0,-1,0,-388,-2,True
1,0,0,0,262,5,375885,2016,Midfield,20,,,,,,,False
6,0,1,2,1590,20,375885,2017,Midfield,21,5,0,1,2,1328,15,False
7,0,1,2,2466,28,375885,2018,Midfield,22,1,0,0,0,876,8,False
8,0,0,1,2177,25,375885,2019,Midfield,23,1,0,-1,-1,-289,-3,False
11,0,1,2,3052,39,375885,2020,Midfield,24,3,0,1,1,875,14,False
8,0,4,4,3719,44,375885,2021,Midfield,25,-3,0,3,2,667,5,False
7,0,8,3,3765,45,375885,2022,Midfield,26,-1,0,4,-1,46,1,False
5,0,2,1,1457,18,375885,2023,Midfield,27,-2,0,-6,-2,-2308,-27,True
0,0,0,0,14,1,398065,2016,Attack,20,,,,,,,False
0,0,0,0,130,5,398065,2017,Attack,21,0,0,0,0,116,4,False
0,0,1,2,1009,16,398065,2018,Attack,22,0,0,1,2,879,11,False
0,0,7,8,2280,39,398065,2019,Attack,23,0,0,6,6,1271,23,False
1,0,13,4,2607,35,398065,2020,Attack,24,1,0,6,-4,327,-4,False
2,0,8,13,2942,43,398065,2021,Attack,25,1,0,-5,9,335,8,False
3,0,13,2,2898,36,398065,2022,Attack,26,1,0,5,-11,-44,-7,False
1,0,1,1,243,9,398065,2023,Attack,27,-2,0,-12,-1,-2655,-27,True
0,0,0,0,196,3,407021,2016,Defender,24,,,,,,,False
0,0,0,0,243,4,407021,2017,Defender,25,0,0,0,0,47,1,False
5,0,4,0,1298,16,407021,2018,Defender,26,5,0,4,0,1055,12,False
1,0,1,0,579,10,407021,2023,Defender,27,-4,0,-3,0,-719,-6,True
4,0,3,1,541,9,421637,2017,Midfield,20,,,,,,,False
5,0,2,2,1141,22,421637,2018,Midfield,21,1,0,-1,1,600,13,False
9,0,3,0,2152,27,421637,2019,Midfield,22,4,0,1,-2,1011,5,False
10,0,2,3,2546,31,421637,2020,Midfield,23,1,0,-1,3,394,4,False
5,0,0,0,1179,22,421637,2021,Midfield,24,-5,0,-2,-3,-1367,-9,False
0,0,0,2,843,21,421637,2022,Midfield,25,-5,0,0,2,-336,-1,False
5,0,0,1,874,18,421637,2023,Midfield,26,5,0,0,-1,31,-3,True
1,0,9,0,1410,28,319900,2023,Attack,26,,,,,,,True
1,0,0,0,180,2,349599,2016,Defender,21,,,,,,,False
9,0,1,7,3278,39,349599,2019,Defender,22,8,0,1,7,3098,37,False
1,0,0,2,1698,33,349599,2020,Defender,23,-8,0,-1,-5,-1580,-6,False
5,0,0,2,2387,43,349599,2021,Defender,24,4,0,0,0,689,10,False
4,0,1,8,3029,39,349599,2022,Defender,25,-1,0,1,6,642,-4,False
5,0,3,3,1219,17,349599,2023,Defender,26,1,0,2,-5,-1810,-22,True
10,0,1,1,2147,29,380350,2019,Defender,22,,,,,,,False
6,0,0,0,1426,24,380350,2020,Defender,23,-4,0,-1,-1,-721,-5,False
4,0,0,1,2629,35,380350,2021,Defender,24,-2,0,0,1,1203,11,False
13,0,0,0,2393,31,380350,2022,Defender,25,9,0,0,-1,-236,-4,False
5,0,0,0,1349,19,380350,2023,Defender,26,-8,0,0,0,-1044,-12,True
2,0,1,1,1042,25,533916,2021,Midfield,24,,,,,,,False
3,0,0,1,603,23,533916,2022,Midfield,25,1,0,-1,0,-439,-2,False
0,0,1,0,289,11,533916,2023,Midfield,26,-3,0,1,-1,-314,-12,True
4,0,3,0,1131,21,469958,2023,Attack,26,,,,,,,True
2,0,0,0,1560,18,328658,2016,Defender,19,,,,,,,False
3,0,0,0,2371,28,328658,2017,Defender,20,1,0,0,0,811,10,False
5,1,1,1,2820,37,328658,2018,Defender,21,2,1,1,1,449,9,False
7,0,4,2,4038,46,328658,2019,Defender,22,2,-1,3,1,1218,9,False
1,0,1,2,3543,41,328658,2020,Defender,23,-6,0,-3,0,-495,-5,False
5,0,1,2,2139,26,328658,2021,Defender,24,4,0,0,0,-1404,-15,False
0,0,0,0,846,10,328658,2022,Defender,25,-5,0,-1,-2,-1293,-16,False
4,0,0,1,916,18,328658,2023,Defender,26,4,0,0,1,70,8,True
12,1,2,1,2339,27,355915,2018,Defender,21,,,,,,,False
16,0,1,2,2880,33,355915,2019,Defender,22,4,-1,-1,1,541,6,False
15,0,3,5,3533,42,355915,2020,Defender,23,-1,0,2,3,653,9,False
10,0,1,0,2223,26,355915,2021,Defender,24,-5,0,-2,-5,-1310,-16,False
15,0,0,1,2965,34,355915,2022,Defender,25,5,0,-1,1,742,8,False
4,1,3,0,1622,20,355915,2023,Defender,26,-11,1,3,-1,-1343,-14,True
3,0,4,1,2531,34,270171,2021,Midfield,24,,,,,,,False
3,0,3,1,2231,36,270171,2022,Midfield,25,0,0,-1,0,-300,2,False
4,0,0,3,2271,27,270171,2023,Midfield,26,1,0,-3,2,40,-9,True
1,0,0,1,696,16,497291,2019,Midfield,22,,,,,,,False
9,0,1,0,1428,30,497291,2020,Midfield,23,8,0,1,-1,732,14,False
8,0,1,3,2103,29,497291,2021,Midfield,24,-1,0,0,3,675,-1,False
10,0,3,2,2485,34,497291,2022,Midfield,25,2,0,2,-1,382,5,False
3,0,3,1,1494,21,497291,2023,Midfield,26,-7,0,0,-1,-991,-13,True
1,0,0,0,90,1,555076,2018,Midfield,22,,,,,,,False
0,0,6,5,2902,36,555076,2020,Midfield,23,-1,0,6,5,2812,35,False
1,0,10,5,2943,39,555076,2021,Midfield,24,1,0,4,0,41,3,False
0,0,5,4,1546,26,555076,2022,Midfield,25,-1,0,-5,-1,-1397,-13,False
2,0,5,1,1459,19,555076,2023,Midfield,26,2,0,0,-3,-87,-7,True
1,0,2,0,1317,15,364409,2023,Defender,26,,,,,,,True
2,0,0,0,638,8,480116,2019,Defender,24,,,,,,,False
3,0,0,2,2086,24,480116,2022,Defender,25,1,0,0,2,1448,16,False
1,0,1,0,1013,15,480116,2023,Defender,26,-2,0,1,-2,-1073,-9,True
0,0,0,0,345,9,314353,2016,Defender,19,,,,,,,False
6,0,3,2,2654,33,314353,2017,Defender,20,6,0,3,2,2309,24,False
3,0,1,16,3388,40,314353,2018,Defender,21,-3,0,-2,14,734,7,False
7,0,4,15,3991,49,314353,2019,Defender,22,4,0,3,-1,603,9,False
4,0,2,9,3835,45,314353,2020,Defender,23,-3,0,-2,-6,-156,-4,False
4,0,2,17,3949,44,314353,2021,Defender,24,0,0,0,8,114,-1,False
7,0,4,10,3776,47,314353,2022,Defender,25,3,0,2,-7,-173,3,False
6,0,2,10,2009,29,314353,2023,Defender,26,-1,0,-2,0,-1767,-18,True
0,1,0,0,340,12,340321,2021,Midfield,24,,,,,,,False
1,0,4,2,1452,37,340321,2022,Midfield,25,1,-1,4,2,1112,25,False
0,0,0,1,148,5,340321,2023,Midfield,26,-1,0,-4,-1,-1304,-32,True
0,0,0,0,90,1,340918,2019,Goalkeeper,22,,,,,,,False
1,0,0,0,450,5,340918,2020,Goalkeeper,23,1,0,0,0,360,4,False
1,0,0,0,540,6,340918,2021,Goalkeeper,24,0,0,0,0,90,1,False
0,0,0,0,180,2,340918,2022,Goalkeeper,25,-1,0,0,0,-360,-4,False
1,0,0,0,1170,13,340918,2023,Goalkeeper,26,1,0,0,0,990,11,True
0,0,0,0,352,9,534033,2019,Midfield,22,,,,,,,False
1,0,1,2,1250,24,534033,2020,Midfield,23,1,0,1,2,898,15,False
4,0,5,2,2207,34,534033,2021,Midfield,24,3,0,4,0,957,10,False
8,0,12,3,3309,40,534033,2022,Midfield,25,4,0,7,1,1102,6,False
5,1,1,2,1878,26,534033,2023,Midfield,26,-3,1,-11,-1,-1431,-14,True
1,0,0,0,318,7,476344,2018,Defender,20,,,,,,,False
11,0,3,6,2960,34,476344,2019,Defender,21,10,0,3,6,2642,27,False
9,1,2,4,3181,38,476344,2020,Defender,22,-2,1,-1,-2,221,4,False
5,0,1,1,2508,37,476344,2021,Defender,23,-4,-1,-1,-3,-673,-1,False
3,1,2,1,2389,36,476344,2022,Defender,24,-2,1,1,0,-119,-1,False
3,0,1,0,958,18,476344,2023,Defender,25,0,-1,-1,-1,-1431,-18,True
1,0,5,4,1749,23,399434,2022,Attack,24,,,,,,,False
1,0,3,4,1639,24,399434,2023,Attack,25,0,0,-2,0,-110,1,True
0,0,0,1,1481,23,384461,2020,Midfield,23,,,,,,,False
2,0,1,4,1826,30,384461,2021,Midfield,24,2,0,1,3,345,7,False
1,0,0,0,140,7,384461,2023,Midfield,25,-1,0,-1,-4,-1686,-23,True
3,0,2,5,961,20,330659,2016,Attack,18,,,,,,,False
3,0,11,5,2719,36,330659,2017,Attack,19,0,0,9,0,1758,16,False
3,0,2,8,1747,35,330659,2018,Attack,20,0,0,-9,3,-972,-1,False
8,0,7,2,2131,31,330659,2019,Attack,21,5,0,5,-6,384,-4,False
4,0,4,1,1032,29,330659,2020,Attack,22,-4,0,-3,-1,-1099,-2,False
6,1,4,5,1878,27,330659,2021,Attack,23,2,1,0,4,846,-2,False
5,0,8,2,1676,29,330659,2022,Attack,24,-1,-1,4,-3,-202,2,False
3,0,5,1,1089,21,330659,2023,Attack,25,-2,0,-3,-1,-587,-8,True
0,0,0,0,1,1,434675,2017,Attack,19,,,,,,,False
0,0,2,6,541,19,434675,2018,Attack,20,0,0,2,6,540,18,False
6,0,8,9,2295,39,434675,2019,Attack,21,6,0,6,3,1754,20,False
2,0,11,3,2146,29,434675,2020,Attack,22,-4,0,3,-6,-149,-10,False
2,0,18,14,2993,42,434675,2021,Attack,23,0,0,7,11,847,13,False
1,0,20,20,3819,50,434675,2022,Attack,24,-1,0,2,6,826,8,False
1,0,9,4,1718,33,434675,2023,Attack,25,0,0,-11,-16,-2101,-17,True
0,0,0,0,270,3,357658,2019,Goalkeeper,22,,,,,,,False
0,0,0,0,180,2,357658,2021,Goalkeeper,23,0,0,0,0,-90,-1,False
0,0,0,0,1125,13,357658,2022,Goalkeeper,24,0,0,0,0,945,11,False
1,0,0,0,270,3,357658,2023,Goalkeeper,25,1,0,0,0,-855,-10,True
2,0,0,0,1540,20,357119,2017,Defender,19,,,,,,,False
9,0,3,1,3667,43,357119,2018,Defender,20,7,0,3,1,2127,23,False
3,0,0,0,771,11,357119,2019,Defender,21,-6,0,-3,-1,-2896,-32,False
4,0,1,0,1289,21,357119,2020,Defender,22,1,0,1,0,518,10,False
3,0,3,1,2280,25,357119,2021,Defender,23,-1,0,2,1,991,4,False
7,0,0,0,2080,24,357119,2022,Defender,24,4,0,-3,-1,-200,-1,False
6,0,0,1,1785,27,357119,2023,Defender,25,-1,0,0,1,-295,3,True
0,0,0,0,93,6,512385,2018,Attack,20,,,,,,,False
5,0,7,8,2446,32,512385,2019,Attack,21,5,0,7,8,2353,26,False
3,0,4,7,1383,23,512385,2020,Attack,22,-2,0,-3,-1,-1063,-9,False
2,0,18,11,3077,38,512385,2021,Attack,23,-1,0,14,4,1694,15,False
3,0,6,0,956,21,512385,2022,Attack,24,1,0,-12,-11,-2121,-17,False
0,0,3,3,792,20,512385,2023,Attack,25,-3,0,-3,3,-164,-1,True
2,0,11,12,2554,40,546543,2020,Attack,22,,,,,,,False
7,0,34,5,2762,41,546543,2021,Attack,23,5,0,23,-7,208,1,False
3,1,15,3,2251,40,546543,2022,Attack,24,-4,1,-19,-2,-511,-1,False
10,0,12,11,2102,36,546543,2023,Attack,25,7,-1,-3,8,-149,-4,True
0,0,1,0,56,2,391005,2016,Defender,20,,,,,,,False
0,0,0,0,110,2,391005,2017,Defender,21,0,0,-1,0,54,0,False
1,0,0,4,570,9,391005,2018,Defender,22,1,0,0,4,460,7,False
2,0,1,1,1479,25,391005,2021,Defender,23,1,0,1,-3,909,16,False
0,0,0,0,1192,21,391005,2022,Defender,24,-2,0,-1,-1,-287,-4,False
1,0,0,2,1385,23,391005,2023,Defender,25,1,0,0,2,193,2,True
1,0,1,0,322,9,396638,2018,Attack,20,,,,,,,False
0,0,4,2,844,21,396638,2019,Attack,21,-1,0,3,2,522,12,False
2,0,11,1,2040,35,396638,2020,Attack,22,2,0,7,-1,1196,14,False
1,0,4,2,1379,24,396638,2021,Attack,23,-1,0,-7,1,-661,-11,False
0,0,5,0,898,25,396638,2022,Attack,24,-1,0,1,-2,-481,1,False
1,0,0,2,303,7,396638,2023,Attack,25,1,0,-5,2,-595,-18,True
0,0,0,0,60,4,413039,2017,Attack,22,,,,,,,False
4,0,7,7,2953,37,413039,2021,Attack,23,4,0,7,7,2893,33,False
5,0,9,8,2928,38,413039,2022,Attack,24,1,0,2,1,-25,1,False
1,0,7,4,1406,17,413039,2023,Attack,25,-4,0,-2,-4,-1522,-21,True
0,0,0,0,420,8,340329,2017,Midfield,19,,,,,,,False
0,0,3,0,346,6,340329,2018,Midfield,20,0,0,3,0,-74,-2,False
3,0,3,1,1677,42,340329,2019,Midfield,21,3,0,0,1,1331,36,False
2,0,11,3,1632,28,340329,2020,Midfield,22,-1,0,8,2,-45,-14,False
0,0,2,0,2296,34,340329,2021,Midfield,23,-2,0,-9,-3,664,6,False
1,0,3,6,2608,36,340329,2022,Midfield,24,1,0,1,6,312,2,False
1,0,1,0,301,6,340329,2023,Midfield,25,0,0,-2,-6,-2307,-30,True
0,0,0,0,10,1,553875,2017,Defender,19,,,,,,,False
3,0,0,2,1790,27,553875,2018,Defender,20,3,0,0,2,1780,26,False
2,0,0,0,926,15,553875,2019,Defender,21,-1,0,0,-2,-864,-12,False
7,0,4,2,2884,35,553875,2020,Defender,22,5,0,4,2,1958,20,False
8,0,5,5,2201,31,553875,2021,Defender,23,1,0,1,3,-683,-4,False
7,1,6,14,3146,42,553875,2022,Defender,24,-1,1,1,9,945,11,False
4,0,1,8,2248,25,553875,2023,Defender,25,-3,-1,-5,-6,-898,-17,True
1,0,0,0,204,4,349066,2016,Attack,18,,,,,,,False
1,0,1,1,277,12,349066,2017,Attack,19,0,0,1,1,73,8,False
0,0,15,7,1579,18,349066,2018,Attack,20,-1,0,14,6,1302,6,False
4,0,16,3,2064,45,349066,2019,Attack,21,4,0,1,-4,485,27,False
4,0,17,2,2981,44,349066,2020,Attack,22,0,0,1,-1,917,-1,False
7,0,10,3,2773,42,349066,2021,Attack,23,3,0,-7,1,-208,-2,False
3,0,11,2,1725,25,349066,2022,Attack,24,-4,0,1,-1,-1048,-17,False
0,0,14,0,1741,25,349066,2023,Attack,25,-3,0,3,-2,16,0,True
0,0,0,0,334,5,381967,2017,Midfield,19,,,,,,,False
2,0,0,0,467,8,381967,2018,Midfield,20,2,0,0,0,133,3,False
4,0,0,3,1994,23,381967,2019,Midfield,21,2,0,0,3,1527,15,False
2,0,3,2,2385,27,381967,2020,Midfield,22,-2,0,3,-1,391,4,False
5,0,0,0,1302,21,381967,2021,Midfield,23,3,0,-3,-2,-1083,-6,False
2,0,0,0,1317,23,381967,2022,Midfield,24,-3,0,0,0,15,2,False
2,0,0,2,877,12,381967,2023,Midfield,25,0,0,0,2,-440,-11,True
1,0,0,0,75,4,344830,2018,Midfield,22,,,,,,,False
0,0,0,2,407,11,344830,2019,Midfield,23,-1,0,0,2,332,7,False
2,0,1,6,895,22,344830,2020,Midfield,24,2,0,1,4,488,11,False
4,0,2,0,1041,22,344830,2023,Midfield,25,2,0,1,-6,146,0,True
2,0,2,6,2044,27,608175,2023,Midfield,25,,,,,,,True
7,0,0,2,3488,39,471690,2019,Defender,22,,,,,,,False
8,0,0,2,2901,35,471690,2021,Defender,23,1,0,0,0,-587,-4,False
2,0,0,1,1272,17,471690,2023,Defender,24,-6,0,0,-1,-1629,-18,True
0,0,1,0,110,2,583255,2021,Attack,22,,,,,,,False
1,0,2,0,461,13,583255,2022,Attack,23,1,0,1,0,351,11,False
4,0,3,2,1113,21,583255,2023,Attack,24,3,0,1,2,652,8,True
1,0,2,4,2707,30,361093,2019,Defender,20,,,,,,,False
5,0,0,1,3974,45,361093,2020,Defender,21,4,0,-2,-3,1267,15,False
6,0,3,1,2982,35,361093,2021,Defender,22,1,0,3,0,-992,-10,False
2,0,0,0,3219,37,361093,2022,Defender,23,-4,0,-3,-1,237,2,False
2,0,2,2,1350,17,361093,2023,Defender,24,0,0,2,2,-1869,-20,True
2,0,1,4,1286,15,535955,2019,Defender,20,,,,,,,False
3,0,0,1,999,21,535955,2020,Defender,21,1,0,-1,-3,-287,6,False
2,0,1,1,1206,23,535955,2021,Defender,22,-1,0,1,0,207,2,False
7,1,6,0,2890,37,535955,2022,Defender,23,5,1,5,-1,1684,14,False
3,0,0,0,605,10,535955,2023,Defender,24,-4,-1,-6,0,-2285,-27,True
2,0,0,1,839,29,429014,2018,Midfield,19,,,,,,,False
1,0,1,0,605,15,429014,2019,Midfield,20,-1,0,1,-1,-234,-14,False
3,0,1,0,494,13,429014,2020,Midfield,21,2,0,0,0,-111,-2,False
1,0,0,0,108,4,429014,2021,Midfield,22,-2,0,-1,0,-386,-9,False
6,0,5,8,3159,37,429014,2022,Midfield,23,5,0,5,8,3051,33,False
5,0,3,4,2231,27,429014,2023,Midfield,24,-1,0,-2,-4,-928,-10,True
0,0,0,0,102,3,431755,2018,Attack,19,,,,,,,False
3,0,10,9,3065,39,431755,2019,Attack,20,3,0,10,9,2963,36,False
8,0,7,7,2739,47,431755,2020,Attack,21,5,0,-3,-2,-326,8,False
6,0,7,11,2398,48,431755,2021,Attack,22,-2,0,0,4,-341,1,False
2,0,2,8,2386,36,431755,2022,Attack,23,-4,0,-5,-3,-12,-12,False
6,0,5,2,2052,25,431755,2023,Attack,24,4,0,3,-6,-334,-11,True
9,0,1,7,3109,36,397033,2019,Midfield,20,,,,,,,False
3,1,0,0,2025,37,397033,2020,Midfield,21,-6,1,-1,-7,-1084,1,False
11,0,5,3,3150,45,397033,2021,Midfield,22,8,-1,5,3,1125,8,False
11,0,2,10,3982,48,397033,2022,Midfield,23,0,0,-3,7,832,3,False
3,0,1,0,692,12,397033,2023,Midfield,24,-8,0,-1,-10,-3290,-36,True
1,0,2,6,2310,36,392775,2018,Midfield,19,,,,,,,False
1,0,1,1,773,12,392775,2019,Midfield,20,0,0,-1,-5,-1537,-24,False
4,0,2,3,1939,29,392775,2020,Midfield,21,3,0,1,2,1166,17,False
2,0,0,2,1455,20,392775,2021,Midfield,22,-2,0,-2,-1,-484,-9,False
5,0,2,1,1113,22,392775,2022,Midfield,23,3,0,2,-1,-342,2,False
0,0,0,0,7,1,392775,2023,Midfield,24,-5,0,-2,-1,-1106,-21,True
6,0,1,1,2470,31,576314,2020,Defender,21,,,,,,,False
2,0,0,0,180,2,576314,2021,Defender,22,-4,0,-1,-1,-2290,-29,False
2,0,0,0,485,12,576314,2022,Defender,23,0,0,0,0,305,10,False
6,0,0,2,2273,27,576314,2023,Defender,24,4,0,0,2,1788,15,True
1,0,1,4,718,9,540941,2017,Attack,18,,,,,,,False
2,0,0,8,2389,29,540941,2018,Attack,19,1,0,-1,4,1671,20,False
3,0,9,5,2100,26,540941,2019,Attack,20,1,0,9,-3,-289,-3,False
3,0,2,4,1809,37,540941,2020,Attack,21,0,0,-7,-1,-291,11,False
1,0,0,1,768,14,540941,2021,Attack,22,-2,0,-2,-3,-1041,-23,False
4,0,0,0,1059,27,540941,2022,Attack,23,3,0,0,-1,291,13,False
1,0,0,0,475,12,540941,2023,Attack,24,-3,0,0,0,-584,-15,True
0,0,0,2,396,10,406638,2018,Midfield,19,,,,,,,False
2,0,0,0,223,10,406638,2019,Midfield,20,2,0,0,-2,-173,0,False
0,0,0,0,29,2,406638,2020,Midfield,21,-2,0,0,0,-194,-8,False
6,0,0,0,1429,20,406638,2021,Midfield,22,6,0,0,0,1400,18,False
8,0,1,0,1830,30,406638,2022,Midfield,23,2,0,1,0,401,10,False
3,0,0,0,738,20,406638,2023,Midfield,24,-5,0,-1,0,-1092,-10,True
2,0,0,1,636,11,504148,2019,Defender,20,,,,,,,False
4,0,1,3,890,11,504148,2020,Defender,21,2,0,1,2,254,0,False
4,0,1,2,1886,34,504148,2021,Defender,22,0,0,0,-1,996,23,False
1,0,0,1,711,23,504148,2022,Defender,23,-3,0,-1,-1,-1175,-11,False
2,0,0,4,646,13,504148,2023,Defender,24,1,0,0,3,-65,-10,True
2,0,4,0,684,8,451276,2020,Midfield,21,,,,,,,False
2,0,10,9,2127,45,451276,2021,Midfield,22,0,0,6,9,1443,37,False
6,1,10,13,3710,46,451276,2022,Midfield,23,4,1,0,4,1583,1,False
1,0,5,4,1945,28,451276,2023,Midfield,24,-5,-1,-5,-9,-1765,-18,True
0,0,0,0,81,4,392768,2017,Attack,18,,,,,,,False
0,0,5,5,1047,22,392768,2018,Attack,19,0,0,5,5,966,18,False
1,0,2,6,1292,31,392768,2019,Attack,20,1,0,-3,1,245,9,False
0,0,5,5,1673,35,392768,2020,Attack,21,-1,0,3,-1,381,4,False
2,0,3,6,1606,25,392768,2021,Attack,22,2,0,-2,1,-67,-10,False
0,0,1,1,1074,21,392768,2022,Attack,23,-2,0,-2,-5,-532,-4,False
0,0,3,3,1102,19,392768,2023,Attack,24,0,0,2,2,28,-2,True
0,0,0,0,70,1,433188,2018,Midfield,18,,,,,,,False
0,0,3,0,462,10,433188,2019,Midfield,19,0,0,3,0,392,9,False
4,0,2,5,1741,32,433188,2020,Midfield,20,4,0,-1,5,1279,22,False
0,0,1,4,1237,23,433188,2021,Midfield,21,-4,0,-1,-1,-504,-9,False
2,0,3,1,1175,23,433188,2022,Midfield,22,2,0,2,-3,-62,0,False
1,1,5,3,1654,27,433188,2023,Midfield,23,-1,1,2,2,479,4,True
0,0,0,0,1172,17,503679,2020,Defender,22,,,,,,,False
0,0,0,0,6,1,503679,2021,Defender,23,0,0,0,0,-1166,-16,True
0,0,1,1,157,11,537382,2018,Attack,18,,,,,,,False
4,0,2,1,810,19,537382,2019,Attack,19,4,0,1,0,653,8,False
6,0,4,4,2303,30,537382,2020,Attack,20,2,0,2,3,1493,11,False
5,0,0,2,1370,29,537382,2021,Attack,21,-1,0,-4,-2,-933,-1,False
7,0,2,4,1641,34,537382,2022,Attack,22,2,0,2,2,271,5,False
1,0,0,0,221,11,537382,2023,Attack,23,-6,0,-2,-4,-1420,-23,True
0,0,1,0,162,2,644401,2021,Attack,21,,,,,,,False
0,0,0,1,385,11,644401,2022,Attack,22,0,0,-1,1,223,9,False
1,0,2,0,1074,21,644401,2023,Attack,23,1,0,2,-1,689,10,True
0,0,0,0,2,1,503733,2017,Attack,18,,,,,,,False
0,0,0,1,440,11,503733,2019,Attack,19,0,0,0,1,438,10,False
0,0,0,1,163,5,503733,2020,Attack,20,0,0,0,0,-277,-6,False
7,0,4,3,2653,40,503733,2021,Attack,21,7,0,4,2,2490,35,False
7,0,4,0,1587,33,503733,2022,Attack,22,0,0,0,-3,-1066,-7,False
10,0,7,7,2674,34,503733,2023,Attack,23,3,0,3,7,1087,1,True
2,0,0,1,590,10,503680,2019,Defender,19,,,,,,,False
1,0,0,1,587,12,503680,2020,Defender,20,-1,0,0,0,-3,2,False
0,0,0,2,394,7,503680,2021,Defender,21,-1,0,0,1,-193,-5,False
7,0,1,0,1955,32,503680,2022,Defender,22,7,0,1,-2,1561,25,False
1,0,0,1,974,20,503680,2023,Defender,23,-6,0,-1,1,-981,-12,True
0,0,0,1,189,5,557459,2021,Defender,21,,,,,,,False
7,0,1,2,3240,36,557459,2022,Defender,22,7,0,1,1,3051,31,False
2,0,1,0,1484,17,557459,2023,Defender,23,-5,0,0,-2,-1756,-19,True
1,0,3,2,981,13,808509,2022,Midfield,22,,,,,,,False
3,0,2,0,1291,21,808509,2023,Midfield,23,2,0,-1,-2,310,8,True
2,1,2,0,1940,22,469050,2021,Defender,21,,,,,,,False
2,1,0,0,1992,28,469050,2022,Defender,22,0,0,-2,0,52,6,False
2,0,2,1,1841,22,469050,2023,Defender,23,0,-1,2,1,-151,-6,True
0,0,0,1,450,5,649452,2019,Defender,19,,,,,,,False
7,0,0,3,1372,23,649452,2020,Defender,20,7,0,0,2,922,18,False
8,1,0,2,2260,31,649452,2021,Defender,21,1,1,0,-1,888,8,False
1,0,1,0,1126,26,649452,2022,Defender,22,-7,-1,1,-2,-1134,-5,False
4,0,0,1,1107,17,649452,2023,Defender,23,3,0,-1,1,-19,-9,True
0,0,2,0,186,3,470607,2021,Attack,21,,,,,,,False
7,0,8,3,2963,39,470607,2022,Attack,22,7,0,6,3,2777,36,False
2,0,3,4,1481,24,470607,2023,Attack,23,-5,0,-5,1,-1482,-15,True
0,0,0,0,349,9,423744,2019,Midfield,19,,,,,,,False
0,0,0,0,696,11,423744,2020,Midfield,20,0,0,0,0,347,2,False
2,0,0,3,2111,28,423744,2021,Midfield,21,2,0,0,3,1415,17,False
1,0,0,1,530,15,423744,2022,Midfield,22,-1,0,0,-2,-1581,-13,False
4,0,0,3,2244,32,423744,2023,Midfield,23,3,0,0,2,1714,17,True
0,0,0,0,148,5,626724,2019,Attack,21,,,,,,,False
1,0,4,1,1712,29,626724,2021,Attack,22,1,0,4,1,1564,24,False
4,0,19,2,2093,32,626724,2023,Attack,23,3,0,15,1,381,3,True
4,0,5,2,1019,24,473050,2021,Attack,21,,,,,,,False
3,0,1,3,1045,31,473050,2022,Attack,22,-1,0,-4,1,26,7,False
0,0,1,0,320,6,473050,2023,Attack,23,-3,0,0,-3,-725,-25,True
5,0,7,3,1158,23,658536,2021,Attack,20,,,,,,,False
3,1,11,12,2493,41,658536,2022,Attack,21,-2,1,4,9,1335,18,False
2,0,5,3,1495,23,658536,2023,Attack,22,-1,-1,-6,-9,-998,-18,True
0,0,0,0,92,2,611793,2021,Defender,20,,,,,,,False
3,0,0,0,1007,13,611793,2022,Defender,21,3,0,0,0,915,11,False
0,0,0,1,307,5,611793,2023,Defender,22,-3,0,0,1,-700,-8,True
0,0,0,0,232,4,568559,2020,Defender,20,,,,,,,False
2,0,0,0,1198,22,568559,2021,Defender,21,2,0,0,0,966,18,False
1,0,2,1,1942,25,568559,2023,Defender,22,-1,0,2,1,744,3,True
4,0,1,2,800,25,823231,2021,Attack,20,,,,,,,False
4,0,7,9,2798,37,823231,2022,Attack,21,0,0,6,7,1998,12,False
2,0,0,0,584,16,823231,2023,Attack,22,-2,0,-7,-9,-2214,-21,True
0,0,1,0,156,2,583189,2020,Attack,19,,,,,,,False
0,0,3,2,1559,29,583189,2021,Attack,20,0,0,2,2,1403,27,False
0,0,0,1,570,22,583189,2022,Attack,21,0,0,-3,-1,-989,-7,False
1,0,5,6,1697,25,583189,2023,Attack,22,1,0,5,5,1127,3,True
0,0,0,0,6,1,548470,2019,Defender,20,,,,,,,False
0,0,0,0,149,2,548470,2021,Defender,21,0,0,0,0,143,1,False
4,0,1,0,1626,20,548470,2023,Defender,22,4,0,1,0,1477,18,True
0,0,1,0,97,2,478573,2018,Midfield,17,,,,,,,False
1,0,3,1,722,12,478573,2019,Midfield,18,1,0,2,1,625,10,False
7,0,5,6,3946,47,478573,2020,Midfield,19,6,0,2,5,3224,35,False
6,0,3,6,3202,42,478573,2021,Midfield,20,-1,0,-2,0,-744,-5,False
1,0,1,1,938,33,478573,2022,Midfield,21,-5,0,-2,-5,-2264,-9,False
2,0,3,2,1411,29,478573,2023,Midfield,22,1,0,2,1,473,-4,True
5,0,1,1,2027,24,591949,2019,Defender,18,,,,,,,False
3,1,0,0,786,12,591949,2020,Defender,19,-2,1,-1,-1,-1241,-12,False
7,0,5,1,2834,36,591949,2021,Defender,20,4,-1,5,1,2048,24,False
7,0,0,1,1931,26,591949,2022,Defender,21,0,0,-5,0,-903,-10,False
5,0,0,0,812,11,591949,2023,Defender,22,-2,0,0,-1,-1119,-15,True
1,0,1,0,381,5,621993,2021,Defender,21,,,,,,,False
2,0,1,0,765,8,621993,2023,Defender,22,1,0,0,0,384,3,True
3,0,0,1,1876,21,1005649,2023,Defender,22,,,,,,,True
0,0,0,0,1530,17,565093,2022,Goalkeeper,21,,,,,,,False
1,0,0,0,1350,15,565093,2023,Goalkeeper,22,1,0,0,0,-180,-2,True
4,1,1,1,3256,36,659089,2020,Defender,19,,,,,,,False
5,0,0,1,1856,21,659089,2021,Defender,20,1,-1,-1,0,-1400,-15,False
5,1,0,0,2654,31,659089,2022,Defender,21,0,1,0,-1,798,10,False
4,0,0,0,2436,28,659089,2023,Defender,22,-1,-1,0,0,-218,-3,True
5,0,3,0,1593,22,568693,2020,Midfield,19,,,,,,,False
7,0,1,3,2127,33,568693,2021,Midfield,20,2,0,-2,3,534,11,False
2,0,0,1,467,14,568693,2022,Midfield,21,-5,0,-1,-2,-1660,-19,False
5,0,3,2,1300,21,568693,2023,Midfield,22,3,0,3,1,833,7,True
3,1,8,1,1378,33,466810,2019,Attack,18,,,,,,,False
1,0,5,4,596,10,466810,2020,Attack,19,-2,-1,-3,3,-782,-23,False
0,0,6,1,574,15,466810,2021,Attack,20,-1,0,1,-3,-22,5,False
4,0,10,4,1827,51,466810,2022,Attack,21,4,0,4,3,1253,36,False
1,0,4,1,700,19,466810,2023,Attack,22,-3,0,-6,-3,-1127,-32,True
0,0,0,0,42,2,567576,2020,Midfield,19,,,,,,,False
1,0,0,0,163,2,567576,2021,Midfield,20,1,0,0,0,121,0,False
0,0,0,1,458,23,567576,2022,Midfield,21,-1,0,0,1,295,21,False
0,0,0,1,452,12,567576,2023,Midfield,22,0,0,0,0,-6,-11,True
2,0,1,2,2415,31,503981,2021,Defender,20,,,,,,,False
0,0,0,0,26,2,503981,2022,Defender,21,-2,0,-1,-2,-2389,-29,False
1,0,0,1,1304,25,503981,2023,Defender,22,1,0,0,1,1278,23,True
3,0,1,2,409,18,504215,2019,Midfield,18,,,,,,,False
2,0,7,8,2698,46,504215,2020,Midfield,19,-1,0,6,6,2289,28,False
0,0,2,2,648,13,504215,2021,Midfield,20,-2,0,-5,-6,-2050,-33,False
2,0,7,4,1016,30,504215,2022,Midfield,21,2,0,5,2,368,17,False
1,0,0,0,390,16,504215,2023,Midfield,22,-1,0,-7,-4,-626,-14,True
1,0,0,0,255,7,556385,2020,Defender,19,,,,,,,False
4,0,5,3,2694,37,556385,2021,Defender,20,3,0,5,3,2439,30,False
5,0,3,4,2756,34,556385,2022,Defender,21,1,0,-2,1,62,-3,False
8,0,2,3,1948,23,556385,2023,Defender,22,3,0,-1,-1,-808,-11,True
1,0,1,3,1276,18,632349,2023,Defender,21,,,,,,,True
0,0,0,0,247,5,565822,2019,Midfield,17,,,,,,,False
0,0,0,0,31,1,565822,2020,Midfield,18,0,0,0,0,-216,-4,False
0,0,1,0,626,12,565822,2021,Midfield,19,0,0,1,0,595,11,False
3,0,5,2,2186,44,565822,2022,Midfield,20,3,0,4,2,1560,32,False
3,0,1,3,1561,32,565822,2023,Midfield,21,0,0,-4,1,-625,-12,True
2,0,1,5,555,9,624258,2023,Defender,21,,,,,,,True
4,0,2,4,797,13,855256,2023,Midfield,21,,,,,,,True
0,0,0,0,12,1,730861,2021,Defender,19,,,,,,,False
6,0,3,4,3343,41,730861,2022,Defender,20,6,0,3,4,3331,40,False
4,0,0,1,1499,22,730861,2023,Defender,21,-2,0,-3,-3,-1844,-19,True
3,1,0,2,472,19,973085,2022,Midfield,19,,,,,,,False
5,0,0,0,775,24,973085,2023,Midfield,20,2,-1,0,-2,303,5,True
0,0,0,1,201,3,660867,2021,Attack,18,,,,,,,False
1,0,4,2,908,23,660867,2022,Attack,19,1,0,4,1,707,20,False
1,0,0,2,69,2,660867,2023,Attack,20,0,0,-4,0,-839,-21,True
3,0,0,0,297,10,717411,2020,Midfield,17,,,,,,,False
0,0,0,0,144,8,717411,2021,Midfield,18,-3,0,0,0,-153,-2,False
1,0,1,0,86,2,717411,2022,Midfield,19,1,0,1,0,-58,-6,False
2,0,0,0,541,18,717411,2023,Midfield,20,1,0,-1,0,455,16,True
0,0,0,0,75,1,670858,2021,Defender,18,,,,,,,False
1,0,0,0,748,10,670858,2022,Defender,19,1,0,0,0,673,9,False
2,0,1,0,268,11,670858,2023,Defender,20,1,0,1,0,-480,1,True
0,0,1,2,178,5,648046,2021,Attack,18,,,,,,,False
1,0,9,2,1244,23,648046,2022,Attack,19,1,0,8,0,1066,18,False
2,0,6,2,1428,29,648046,2023,Attack,20,1,0,-3,0,184,6,True
1,0,0,0,135,2,864799,2021,Midfield,18,,,,,,,False
3,0,1,0,796,17,864799,2022,Midfield,19,2,0,1,0,661,15,False
1,0,0,0,72,2,864799,2023,Midfield,20,-2,0,-1,0,-724,-15,True
2,0,1,1,631,14,983989,2022,Midfield,19,,,,,,,False
6,0,3,1,1088,22,983989,2023,Midfield,20,4,0,2,0,457,8,True
0,0,0,0,1,1,867688,2022,Midfield,18,,,,,,,False
1,0,3,0,1217,17,867688,2023,Midfield,19,1,0,3,0,1216,16,True
0,0,0,0,27,2,726701,2022,Attack,18,,,,,,,False
0,0,0,0,1,1,726701,2023,Attack,19,0,0,0,0,-26,-1,True
0,0,0,0,16,1,719673,2021,Attack,17,,,,,,,False
0,0,0,0,44,4,719673,2022,Attack,18,0,0,0,0,28,3,False
0,0,0,0,247,5,719673,2023,Attack,19,0,0,0,0,203,1,True
0,0,0,0,14,1,922769,2022,Midfield,17,,,,,,,False
1,0,1,2,1436,20,922769,2023,Midfield,18,1,0,1,2,1422,19,True
